Order ID,Order Date,Customer ID,Category,Sub-Category,Region,Sales,Quantity,Discount,Profit
ORD-00001,4/24/2024,CUST-0164,Furniture,Tables,East,1779.3,4,0.05,303.69
ORD-00002,7/12/2025,CUST-0229,Furniture,Furnishings,Central,70.29,1,0,7.18
ORD-00003,7/28/2025,CUST-0007,Furniture,Furnishings,East,1401.95,8,0.15,-136.55
ORD-00004,6/12/2024,CUST-0207,Technology,Copiers,South,2790.93,5,0.05,573.25
ORD-00005,4/4/2024,CUST-0027,Office Supplies,Binders,South,334.23,6,0.15,64.14
ORD-00006,5/7/2024,CUST-0138,Office Supplies,Binders,South,386.41,10,0.2,70.26
ORD-00007,11/8/2025,CUST-0012,Furniture,Tables,Central,1160.25,4,0,94.4
ORD-00008,1/8/2025,CUST-0214,Furniture,Tables,South,1533.09,4,0.15,265.87
ORD-00009,9/15/2025,CUST-0019,Technology,Accessories,East,181.92,3,0.4,53.81
ORD-00010,12/5/2025,CUST-0164,Technology,Accessories,South,186.51,1,0.1,41.41
ORD-00011,10/1/2024,CUST-0103,Furniture,Chairs,South,390.35,4,0.4,103.76
ORD-00012,5/26/2024,CUST-0118,Office Supplies,Paper,East,291.54,9,0.15,20.81
ORD-00013,2/12/2025,CUST-0150,Office Supplies,Paper,East,39.27,9,0.4,-3.19
ORD-00014,6/5/2024,CUST-0029,Technology,Accessories,West,1023.44,10,0,141.6
ORD-00015,6/25/2025,CUST-0120,Office Supplies,Labels,Central,53.05,2,0.15,1.91
ORD-00016,3/21/2025,CUST-0076,Furniture,Furnishings,Central,649.64,5,0.05,-37.31
ORD-00017,11/1/2024,CUST-0161,Technology,Accessories,East,794.87,6,0.05,168.08
ORD-00018,1/1/2024,CUST-0136,Technology,Machines,West,1400.74,1,0,352.27
ORD-00019,11/10/2024,CUST-0213,Furniture,Bookcases,East,1116.92,10,0,105.43
ORD-00020,6/29/2025,CUST-0018,Furniture,Chairs,West,1044.53,9,0.05,260.06
ORD-00021,8/4/2024,CUST-0109,Technology,Accessories,South,644.81,7,0.2,69.01
ORD-00022,9/10/2024,CUST-0031,Furniture,Bookcases,South,267.95,1,0.1,-26.02
ORD-00023,10/8/2025,CUST-0182,Furniture,Chairs,Central,49.57,1,0.2,-0.24
ORD-00024,5/12/2025,CUST-0172,Furniture,Chairs,West,696.78,4,0.4,-16.61
ORD-00025,11/5/2025,CUST-0025,Office Supplies,Storage,West,915.61,7,0.4,-71.72
ORD-00026,10/23/2025,CUST-0168,Furniture,Bookcases,West,1032.02,6,0,-24.68
ORD-00027,5/23/2024,CUST-0115,Office Supplies,Paper,South,317.53,8,0.1,-22.18
ORD-00028,7/17/2025,CUST-0207,Furniture,Bookcases,Central,254.76,2,0.1,24.01
ORD-00029,2/14/2025,CUST-0055,Furniture,Chairs,West,85.55,1,0.3,18.28
ORD-00030,10/19/2024,CUST-0117,Office Supplies,Envelopes,West,45.75,3,0.1,13.15
ORD-00031,7/9/2025,CUST-0149,Furniture,Tables,Central,210.86,1,0.4,50.84
ORD-00032,2/28/2024,CUST-0041,Technology,Phones,East,1267.35,2,0,-7.5
ORD-00033,8/6/2025,CUST-0031,Furniture,Bookcases,Central,2384.71,7,0.2,-43.63
ORD-00034,11/17/2024,CUST-0184,Furniture,Tables,West,837.96,3,0.15,227.6
ORD-00035,3/15/2024,CUST-0240,Furniture,Furnishings,Central,245.44,2,0.1,-11.54
ORD-00036,3/11/2024,CUST-0090,Furniture,Tables,South,930.37,3,0.4,168.78
ORD-00037,10/31/2025,CUST-0157,Technology,Phones,South,564.04,2,0.05,144.33
ORD-00038,7/20/2025,CUST-0191,Furniture,Tables,South,4129.25,10,0.1,-76.64
ORD-00039,9/27/2024,CUST-0163,Technology,Copiers,South,1341.71,1,0,310.93
ORD-00040,1/4/2024,CUST-0012,Office Supplies,Paper,South,52.07,3,0.4,3.7
ORD-00041,4/24/2024,CUST-0003,Furniture,Chairs,Central,987.43,6,0.05,-82.22
ORD-00042,2/10/2024,CUST-0094,Office Supplies,Paper,East,63.46,2,0.2,16.1
ORD-00043,9/27/2025,CUST-0105,Technology,Accessories,East,631.39,3,0.05,-56.88
ORD-00044,12/6/2024,CUST-0189,Office Supplies,Envelopes,East,190.03,5,0.05,-10.79
ORD-00045,2/9/2024,CUST-0224,Office Supplies,Paper,East,111,8,0.2,24.21
ORD-00046,8/16/2024,CUST-0059,Furniture,Chairs,West,1570.54,6,0.15,450.36
ORD-00047,12/25/2024,CUST-0072,Technology,Copiers,South,1778.67,1,0,7.98
ORD-00048,9/28/2024,CUST-0149,Furniture,Bookcases,West,1159.04,6,0.2,340.4
ORD-00049,1/29/2025,CUST-0030,Technology,Accessories,South,7.28,1,0.3,1.97
ORD-00050,12/4/2025,CUST-0138,Technology,Accessories,South,1664.11,7,0,446.49
ORD-00051,11/17/2024,CUST-0160,Technology,Phones,South,4795.42,9,0.15,146.13
ORD-00052,10/29/2024,CUST-0179,Technology,Accessories,East,845.53,7,0.3,220.79
ORD-00053,8/5/2025,CUST-0158,Office Supplies,Art,Central,78.18,5,0.15,16.75
ORD-00054,11/1/2025,CUST-0156,Office Supplies,Art,West,301.48,8,0.1,65.57
ORD-00055,6/22/2024,CUST-0246,Technology,Phones,South,1127.36,9,0.2,316.56
ORD-00056,11/19/2025,CUST-0061,Office Supplies,Paper,East,15.52,3,0,4.56
ORD-00057,3/15/2024,CUST-0157,Office Supplies,Art,East,139.33,7,0.4,-5.71
ORD-00058,1/6/2024,CUST-0177,Furniture,Furnishings,East,56.79,3,0.4,-0.02
ORD-00059,5/4/2024,CUST-0218,Office Supplies,Paper,West,343.09,9,0.2,88.03
ORD-00060,5/31/2025,CUST-0157,Office Supplies,Labels,West,34.38,3,0.4,6.9
ORD-00061,10/14/2025,CUST-0216,Office Supplies,Labels,West,63.63,4,0.15,11.8
ORD-00062,10/5/2024,CUST-0061,Office Supplies,Storage,Central,197.64,3,0.05,35.1
ORD-00063,8/7/2024,CUST-0181,Furniture,Furnishings,West,416.26,6,0.4,-7.19
ORD-00064,2/2/2025,CUST-0108,Technology,Phones,West,6824.39,8,0,132.7
ORD-00065,3/5/2025,CUST-0100,Technology,Accessories,West,389.64,4,0.15,-34.44
ORD-00066,11/15/2025,CUST-0087,Technology,Copiers,East,14936.28,8,0.05,1697.5
ORD-00067,2/7/2025,CUST-0233,Technology,Phones,Central,5258.94,7,0.05,-143.61
ORD-00068,1/23/2025,CUST-0067,Office Supplies,Paper,West,186.13,6,0.2,9.61
ORD-00069,3/7/2025,CUST-0193,Office Supplies,Binders,West,79.99,1,0,3.2
ORD-00070,3/11/2024,CUST-0167,Technology,Phones,Central,2765.4,4,0.1,410.76
ORD-00071,5/9/2024,CUST-0062,Office Supplies,Envelopes,Central,223.71,10,0.1,0.56
ORD-00072,6/20/2024,CUST-0095,Technology,Phones,East,2772.61,5,0,752.92
ORD-00073,11/24/2025,CUST-0148,Office Supplies,Art,East,17.91,2,0.1,3.74
ORD-00074,12/1/2025,CUST-0218,Technology,Phones,Central,2614.28,6,0.3,-189.32
ORD-00075,12/15/2024,CUST-0166,Furniture,Furnishings,West,337.37,2,0.3,52.03
ORD-00076,4/15/2025,CUST-0213,Technology,Accessories,West,402.44,3,0.15,107.79
ORD-00077,5/10/2025,CUST-0199,Office Supplies,Art,South,360.7,6,0.1,-23.57
ORD-00078,4/6/2025,CUST-0226,Furniture,Furnishings,West,802.14,6,0,24.07
ORD-00079,8/5/2024,CUST-0125,Office Supplies,Storage,South,618.85,5,0.15,66
ORD-00080,3/28/2024,CUST-0049,Furniture,Furnishings,West,1448.61,9,0.1,229.4
ORD-00081,4/3/2025,CUST-0126,Furniture,Bookcases,South,940.69,4,0.3,21.15
ORD-00082,1/12/2025,CUST-0149,Office Supplies,Labels,South,86.07,7,0.2,7.01
ORD-00083,9/14/2024,CUST-0079,Furniture,Bookcases,East,2129.2,6,0,596.92
ORD-00084,7/8/2024,CUST-0177,Furniture,Chairs,West,1461.82,5,0.15,340.68
ORD-00085,8/20/2024,CUST-0076,Office Supplies,Paper,South,15.1,1,0.05,4.37
ORD-00086,10/26/2024,CUST-0142,Technology,Accessories,West,295.55,2,0,25.94
ORD-00087,12/14/2024,CUST-0113,Furniture,Bookcases,South,3073.46,8,0,185.28
ORD-00088,8/13/2025,CUST-0019,Technology,Phones,East,382.11,3,0.15,-0.28
ORD-00089,3/2/2025,CUST-0143,Technology,Accessories,West,390.55,8,0.4,52.88
ORD-00090,11/8/2024,CUST-0110,Technology,Phones,Central,1069.24,4,0.1,-72.2
ORD-00091,6/26/2024,CUST-0062,Technology,Phones,East,314.59,1,0.3,43.26
ORD-00092,2/3/2024,CUST-0075,Furniture,Tables,South,3549.54,8,0,956.83
ORD-00093,10/2/2025,CUST-0202,Technology,Accessories,West,297.78,2,0.1,78.42
ORD-00094,5/25/2024,CUST-0212,Furniture,Bookcases,East,1030.57,5,0.15,90.15
ORD-00095,12/17/2025,CUST-0078,Office Supplies,Storage,West,1244.31,8,0,318.26
ORD-00096,11/26/2024,CUST-0189,Technology,Machines,Central,2604.02,2,0.1,610.34
ORD-00097,8/24/2025,CUST-0148,Furniture,Tables,Central,647.07,3,0.4,49.75
ORD-00098,7/4/2024,CUST-0072,Technology,Copiers,West,991.6,2,0.4,33.04
ORD-00099,4/17/2024,CUST-0172,Furniture,Tables,West,2932.78,8,0.15,176.5
ORD-00100,7/17/2025,CUST-0195,Furniture,Furnishings,Central,481.2,6,0.15,138.62
ORD-00101,6/10/2025,CUST-0104,Furniture,Furnishings,West,125.32,1,0.1,18.68
ORD-00102,10/2/2025,CUST-0128,Office Supplies,Binders,East,354.23,5,0.05,26.65
ORD-00103,5/11/2025,CUST-0179,Furniture,Bookcases,East,723.72,3,0.15,87.5
ORD-00104,8/18/2024,CUST-0024,Furniture,Furnishings,Central,422.12,3,0.4,7.07
ORD-00105,10/6/2024,CUST-0181,Office Supplies,Art,West,108,4,0.4,5.77
ORD-00106,9/5/2025,CUST-0236,Technology,Accessories,Central,320.5,5,0.3,68.94
ORD-00107,1/3/2024,CUST-0069,Office Supplies,Envelopes,South,262,10,0.4,20.6
ORD-00108,12/19/2024,CUST-0124,Office Supplies,Labels,West,224.29,8,0.2,65.56
ORD-00109,8/8/2025,CUST-0062,Office Supplies,Paper,West,30.4,1,0.2,5.54
ORD-00110,1/25/2025,CUST-0208,Office Supplies,Envelopes,East,71.47,8,0,20.45
ORD-00111,4/12/2024,CUST-0085,Office Supplies,Binders,West,33.96,1,0.05,5.5
ORD-00112,3/17/2024,CUST-0040,Office Supplies,Storage,South,1173.98,10,0.3,282.58
ORD-00113,11/21/2025,CUST-0219,Technology,Copiers,South,10491.42,8,0,-63.91
ORD-00114,10/21/2024,CUST-0176,Furniture,Bookcases,West,488.32,2,0,86.73
ORD-00115,1/30/2024,CUST-0232,Furniture,Tables,Central,1149.68,5,0.2,-48.02
ORD-00116,2/25/2025,CUST-0136,Technology,Accessories,East,468.83,3,0,24.86
ORD-00117,9/3/2024,CUST-0175,Office Supplies,Labels,East,62.98,4,0.4,5.28
ORD-00118,1/10/2024,CUST-0171,Office Supplies,Storage,East,284.56,2,0.4,83.96
ORD-00119,10/16/2025,CUST-0077,Office Supplies,Envelopes,South,84.07,8,0.15,4.53
ORD-00120,4/19/2024,CUST-0124,Furniture,Furnishings,South,2110.71,10,0.15,38.19
ORD-00121,11/5/2025,CUST-0213,Office Supplies,Storage,Central,2289.95,10,0,453.57
ORD-00122,10/20/2024,CUST-0214,Furniture,Tables,East,1492.2,4,0.15,281.09
ORD-00123,11/28/2025,CUST-0169,Furniture,Bookcases,Central,277.03,5,0.4,12.73
ORD-00124,4/2/2024,CUST-0034,Office Supplies,Storage,West,124.36,3,0.1,14.4
ORD-00125,1/9/2025,CUST-0249,Technology,Machines,East,4363.01,5,0.4,78.78
ORD-00126,12/12/2024,CUST-0223,Furniture,Furnishings,Central,588.15,3,0.1,111.56
ORD-00127,7/24/2025,CUST-0102,Office Supplies,Binders,West,38.46,1,0.15,3.15
ORD-00128,11/19/2025,CUST-0173,Office Supplies,Labels,West,165.86,6,0,14.69
ORD-00129,7/28/2025,CUST-0159,Office Supplies,Labels,East,43.87,2,0.4,0.92
ORD-00130,4/29/2024,CUST-0105,Furniture,Bookcases,Central,368.89,5,0.4,-2.24
ORD-00131,5/18/2024,CUST-0138,Office Supplies,Art,South,301.22,9,0.3,57.42
ORD-00132,2/28/2025,CUST-0227,Technology,Phones,West,5950.16,10,0.3,70.78
ORD-00133,1/14/2025,CUST-0177,Furniture,Furnishings,West,137.13,4,0.2,23.9
ORD-00134,10/22/2025,CUST-0140,Office Supplies,Binders,West,349.27,5,0.1,97.66
ORD-00135,4/10/2025,CUST-0211,Furniture,Chairs,Central,92.41,1,0.2,-4.59
ORD-00136,7/29/2024,CUST-0145,Furniture,Chairs,East,896.17,4,0.2,193.09
ORD-00137,1/3/2024,CUST-0153,Office Supplies,Paper,East,310.06,9,0.15,-17.37
ORD-00138,1/27/2024,CUST-0222,Furniture,Bookcases,South,274.68,4,0.2,1.69
ORD-00139,3/7/2025,CUST-0033,Technology,Phones,Central,3446.28,8,0.4,362.88
ORD-00140,4/7/2025,CUST-0028,Technology,Accessories,Central,917.47,9,0.15,262.04
ORD-00141,5/5/2025,CUST-0016,Office Supplies,Art,Central,37.11,8,0.4,-2.51
ORD-00142,5/31/2024,CUST-0156,Furniture,Chairs,South,1264.64,10,0.2,175.73
ORD-00143,4/9/2025,CUST-0076,Technology,Copiers,Central,1753.43,2,0.1,447.54
ORD-00144,12/13/2024,CUST-0106,Office Supplies,Art,West,56.46,2,0.2,9.37
ORD-00145,6/5/2024,CUST-0096,Technology,Copiers,Central,735.63,2,0,-45.15
ORD-00146,1/16/2025,CUST-0190,Furniture,Bookcases,South,295.16,2,0.3,49.04
ORD-00147,3/9/2025,CUST-0193,Technology,Phones,South,3130.97,10,0.15,410.68
ORD-00148,6/7/2024,CUST-0055,Technology,Copiers,East,2754.68,2,0.2,129.54
ORD-00149,10/12/2024,CUST-0196,Technology,Accessories,West,1405.43,9,0,229.27
ORD-00150,9/30/2024,CUST-0178,Furniture,Chairs,South,595.27,5,0.2,-16.33
ORD-00151,8/2/2025,CUST-0037,Technology,Copiers,Central,1095.49,3,0,122.91
ORD-00152,3/5/2025,CUST-0097,Office Supplies,Storage,East,941.33,6,0.15,198.37
ORD-00153,9/2/2025,CUST-0146,Furniture,Bookcases,East,988.11,3,0,8.74
ORD-00154,3/10/2025,CUST-0170,Office Supplies,Labels,West,60.64,7,0.15,6.36
ORD-00155,3/16/2025,CUST-0089,Furniture,Tables,West,938.72,9,0.15,54.54
ORD-00156,2/26/2024,CUST-0154,Furniture,Chairs,South,1052.18,4,0.05,16.6
ORD-00157,1/8/2024,CUST-0031,Office Supplies,Envelopes,West,59.48,3,0.05,10.79
ORD-00158,7/26/2025,CUST-0129,Technology,Machines,Central,4974.95,7,0,417.41
ORD-00159,11/16/2024,CUST-0020,Technology,Copiers,West,2423.51,7,0.15,-222.13
ORD-00160,6/24/2024,CUST-0084,Technology,Copiers,South,2408.1,2,0.3,-6.44
ORD-00161,2/14/2025,CUST-0151,Technology,Phones,West,1046.76,5,0.2,221.54
ORD-00162,6/6/2025,CUST-0020,Technology,Phones,East,3246.96,6,0.2,738.94
ORD-00163,5/31/2024,CUST-0209,Furniture,Bookcases,East,648.88,5,0.1,-25.21
ORD-00164,11/2/2025,CUST-0195,Furniture,Chairs,West,1205.53,8,0.4,304.78
ORD-00165,10/12/2025,CUST-0165,Technology,Machines,South,352.08,3,0.4,27.07
ORD-00166,10/8/2024,CUST-0078,Technology,Phones,South,3010.81,9,0,243.17
ORD-00167,1/12/2025,CUST-0015,Office Supplies,Binders,Central,277.92,10,0.3,33.83
ORD-00168,2/12/2024,CUST-0203,Office Supplies,Labels,East,75.79,6,0.4,21.46
ORD-00169,4/15/2024,CUST-0116,Office Supplies,Envelopes,Central,41.38,9,0.05,7.57
ORD-00170,6/20/2025,CUST-0113,Technology,Accessories,South,525.2,6,0.15,110.18
ORD-00171,9/4/2025,CUST-0174,Furniture,Tables,Central,2273.89,6,0,124.21
ORD-00172,11/3/2025,CUST-0065,Technology,Accessories,South,437.04,2,0.05,10.53
ORD-00173,12/16/2025,CUST-0168,Technology,Copiers,East,7572.47,10,0,383.71
ORD-00174,12/2/2024,CUST-0203,Furniture,Bookcases,West,624.57,9,0.2,14.71
ORD-00175,8/7/2024,CUST-0244,Office Supplies,Art,East,53.53,4,0.05,0.98
ORD-00176,4/13/2024,CUST-0202,Technology,Phones,South,5412.55,10,0.05,-207.29
ORD-00177,12/10/2025,CUST-0047,Technology,Accessories,West,68.2,1,0.3,12.81
ORD-00178,3/30/2025,CUST-0249,Technology,Machines,West,1919.72,4,0.1,428.96
ORD-00179,7/17/2024,CUST-0121,Office Supplies,Envelopes,West,269.09,8,0.15,27.22
ORD-00180,6/14/2024,CUST-0108,Furniture,Chairs,South,186.59,1,0.4,22.73
ORD-00181,12/29/2025,CUST-0027,Technology,Phones,South,577.01,2,0.05,151.25
ORD-00182,3/23/2025,CUST-0038,Furniture,Chairs,West,1011.71,6,0,59.27
ORD-00183,8/29/2024,CUST-0096,Office Supplies,Binders,South,115.61,4,0,-6.98
ORD-00184,10/27/2025,CUST-0183,Office Supplies,Paper,East,39.2,1,0.15,3.49
ORD-00185,5/22/2024,CUST-0213,Technology,Copiers,West,18305.43,10,0,-1691.39
ORD-00186,6/2/2024,CUST-0056,Technology,Copiers,Central,3339.32,5,0.1,-270.15
ORD-00187,10/16/2025,CUST-0108,Technology,Copiers,Central,1528.96,2,0.4,-142.84
ORD-00188,8/11/2025,CUST-0132,Furniture,Chairs,South,1614.14,7,0,-6.09
ORD-00189,7/10/2024,CUST-0107,Technology,Phones,South,800.34,2,0,70.47
ORD-00190,1/31/2025,CUST-0163,Office Supplies,Storage,Central,576.17,6,0,111.3
ORD-00191,4/16/2024,CUST-0161,Technology,Machines,East,691.54,1,0.2,155.88
ORD-00192,12/2/2025,CUST-0045,Office Supplies,Envelopes,West,17,3,0.05,3.58
ORD-00193,2/7/2024,CUST-0118,Office Supplies,Paper,Central,71.33,4,0,1.71
ORD-00194,7/10/2025,CUST-0102,Office Supplies,Storage,Central,336.22,4,0.15,71.39
ORD-00195,11/2/2025,CUST-0222,Office Supplies,Storage,Central,940.92,6,0.3,185.67
ORD-00196,1/30/2025,CUST-0230,Office Supplies,Paper,West,297.23,8,0.2,32.01
ORD-00197,3/25/2024,CUST-0206,Technology,Copiers,Central,7859.33,7,0.05,223.87
ORD-00198,12/1/2024,CUST-0021,Technology,Machines,South,1866.5,8,0.3,144.77
ORD-00199,2/13/2024,CUST-0115,Technology,Machines,West,1025.29,5,0,158.93
ORD-00200,6/9/2025,CUST-0094,Technology,Accessories,Central,33.03,3,0.4,-2.41
ORD-00201,10/22/2025,CUST-0200,Office Supplies,Storage,West,1571.97,10,0,269.79
ORD-00202,1/14/2025,CUST-0243,Office Supplies,Art,Central,411.33,10,0.05,24.36
ORD-00203,10/12/2024,CUST-0167,Furniture,Bookcases,Central,488.82,3,0.4,129.74
ORD-00204,9/25/2024,CUST-0031,Office Supplies,Envelopes,West,121.1,4,0.15,36.26
ORD-00205,5/5/2024,CUST-0052,Furniture,Bookcases,West,808.18,3,0.4,181.2
ORD-00206,11/23/2024,CUST-0248,Technology,Machines,Central,10311.16,9,0.15,2480.3
ORD-00207,12/27/2025,CUST-0183,Technology,Accessories,South,316.93,9,0.1,-6.21
ORD-00208,8/30/2024,CUST-0036,Office Supplies,Binders,South,288.4,9,0.2,84.56
ORD-00209,9/18/2025,CUST-0034,Furniture,Bookcases,South,1152.93,7,0.4,239.42
ORD-00210,8/11/2025,CUST-0211,Furniture,Chairs,South,221.29,2,0.4,23.67
ORD-00211,7/18/2025,CUST-0033,Technology,Accessories,East,1466.74,7,0,157.29
ORD-00212,6/17/2024,CUST-0078,Furniture,Tables,East,2667.13,6,0.15,0.65
ORD-00213,7/18/2025,CUST-0163,Office Supplies,Paper,South,266.21,10,0,-8.66
ORD-00214,8/17/2025,CUST-0242,Furniture,Chairs,South,2958.23,10,0,-262.25
ORD-00215,10/18/2025,CUST-0012,Technology,Machines,East,6757.46,10,0.3,-593.88
ORD-00216,10/4/2025,CUST-0228,Technology,Machines,South,8831.26,8,0.1,1536.61
ORD-00217,4/9/2025,CUST-0077,Furniture,Bookcases,East,1451.37,8,0.3,-26.69
ORD-00218,5/27/2024,CUST-0156,Office Supplies,Envelopes,South,38.41,6,0.3,1.85
ORD-00219,4/18/2024,CUST-0144,Office Supplies,Paper,West,41.02,2,0.15,-1.79
ORD-00220,10/24/2024,CUST-0013,Office Supplies,Labels,West,125.07,4,0.05,34.21
ORD-00221,11/16/2024,CUST-0185,Furniture,Chairs,West,1050.92,9,0.4,24.61
ORD-00222,4/2/2024,CUST-0006,Office Supplies,Labels,West,87,4,0.1,-7.01
ORD-00223,5/21/2025,CUST-0073,Technology,Copiers,South,15524.19,9,0,1123.5
ORD-00224,9/27/2024,CUST-0226,Technology,Machines,West,3964.89,6,0,507.95
ORD-00225,1/6/2025,CUST-0050,Technology,Machines,Central,4914.7,7,0.4,58.43
ORD-00226,11/27/2025,CUST-0160,Technology,Phones,East,540.43,2,0.3,159.27
ORD-00227,1/9/2025,CUST-0143,Furniture,Chairs,West,486.4,9,0,-21.98
ORD-00228,4/30/2025,CUST-0086,Technology,Copiers,East,7508.22,10,0.05,1090.4
ORD-00229,2/6/2025,CUST-0042,Technology,Machines,South,5898.07,9,0.4,117.47
ORD-00230,1/18/2024,CUST-0209,Office Supplies,Storage,Central,1203.31,7,0.15,228.78
ORD-00231,10/6/2025,CUST-0177,Furniture,Furnishings,South,1673.3,10,0.1,223.23
ORD-00232,6/20/2025,CUST-0044,Technology,Copiers,East,4922.51,4,0,887.08
ORD-00233,1/20/2024,CUST-0049,Office Supplies,Storage,West,372.26,3,0.3,23.88
ORD-00234,9/18/2025,CUST-0199,Office Supplies,Envelopes,Central,79.28,3,0.1,23.72
ORD-00235,6/22/2025,CUST-0123,Office Supplies,Storage,East,917.59,8,0.2,156.31
ORD-00236,11/28/2025,CUST-0223,Technology,Machines,West,1766.19,4,0.1,34.26
ORD-00237,10/31/2024,CUST-0242,Office Supplies,Envelopes,East,163.52,8,0.2,20.31
ORD-00238,10/7/2024,CUST-0240,Office Supplies,Binders,West,428.94,7,0.2,95.16
ORD-00239,2/13/2024,CUST-0075,Office Supplies,Envelopes,Central,121.79,6,0.4,24.23
ORD-00240,7/25/2024,CUST-0055,Technology,Machines,South,2885.84,3,0,388.82
ORD-00241,2/21/2024,CUST-0063,Technology,Accessories,East,109.19,1,0,20.41
ORD-00242,11/28/2025,CUST-0026,Furniture,Bookcases,East,1077.96,7,0.4,-21.79
ORD-00243,10/21/2024,CUST-0247,Office Supplies,Storage,Central,253.37,2,0.1,47.95
ORD-00244,2/8/2024,CUST-0240,Furniture,Furnishings,East,140.86,1,0.3,-3.59
ORD-00245,10/23/2024,CUST-0192,Furniture,Bookcases,South,4235.28,10,0,144.07
ORD-00246,10/18/2025,CUST-0117,Technology,Copiers,East,3731.98,9,0.4,834.19
ORD-00247,6/15/2024,CUST-0085,Technology,Copiers,South,4577.74,3,0,990.2
ORD-00248,11/21/2025,CUST-0146,Furniture,Chairs,West,374.58,7,0.2,62.82
ORD-00249,5/23/2024,CUST-0048,Office Supplies,Storage,East,89.37,1,0.15,7.03
ORD-00250,12/3/2024,CUST-0069,Office Supplies,Labels,Central,113.3,5,0.2,-8.51
ORD-00251,4/21/2025,CUST-0031,Office Supplies,Paper,West,271.14,9,0.15,42.16
ORD-00252,10/29/2024,CUST-0241,Office Supplies,Labels,East,76.65,4,0.05,6.28
ORD-00253,1/17/2025,CUST-0156,Office Supplies,Envelopes,West,314.34,9,0.1,54.11
ORD-00254,3/24/2024,CUST-0153,Technology,Copiers,South,622.33,2,0,74.09
ORD-00255,7/26/2024,CUST-0130,Technology,Accessories,East,136.43,6,0.4,-2.43
ORD-00256,5/15/2025,CUST-0150,Furniture,Furnishings,Central,1049.16,8,0.05,86.79
ORD-00257,7/26/2025,CUST-0015,Office Supplies,Envelopes,South,10.47,1,0.3,-1.03
ORD-00258,8/15/2025,CUST-0056,Furniture,Bookcases,West,1681.38,6,0,-127.61
ORD-00259,3/11/2024,CUST-0229,Office Supplies,Binders,South,416.77,7,0.05,85.99
ORD-00260,10/23/2025,CUST-0187,Office Supplies,Storage,West,578.35,8,0.3,100.11
ORD-00261,7/6/2025,CUST-0170,Furniture,Tables,Central,765.28,3,0.3,146.28
ORD-00262,1/4/2024,CUST-0058,Furniture,Tables,West,2305.59,9,0.3,528.77
ORD-00263,4/16/2025,CUST-0064,Office Supplies,Paper,South,18.06,4,0,2.96
ORD-00264,1/17/2024,CUST-0158,Furniture,Chairs,Central,356.79,2,0,60.23
ORD-00265,2/19/2024,CUST-0224,Furniture,Bookcases,West,2013.92,8,0.1,406.32
ORD-00266,2/27/2024,CUST-0199,Furniture,Tables,East,3109.9,10,0.2,650.02
ORD-00267,11/24/2024,CUST-0210,Furniture,Tables,East,2484.92,9,0.1,25
ORD-00268,8/28/2025,CUST-0143,Technology,Accessories,West,114.76,9,0.4,4.33
ORD-00269,11/18/2025,CUST-0165,Office Supplies,Labels,South,37.58,7,0.3,1.9
ORD-00270,7/4/2025,CUST-0194,Office Supplies,Paper,East,194.14,5,0.05,51.62
ORD-00271,2/26/2025,CUST-0144,Office Supplies,Labels,East,73.65,7,0.1,2.36
ORD-00272,4/5/2025,CUST-0021,Office Supplies,Binders,East,28.29,1,0.15,4.02
ORD-00273,3/15/2024,CUST-0011,Furniture,Chairs,West,428.76,4,0.2,113.02
ORD-00274,7/13/2024,CUST-0055,Technology,Phones,West,1458.86,4,0.1,-6.23
ORD-00275,10/16/2024,CUST-0083,Office Supplies,Art,South,127.72,5,0.15,32.33
ORD-00276,4/10/2024,CUST-0120,Technology,Copiers,South,2442.43,4,0.2,-199.58
ORD-00277,8/14/2024,CUST-0222,Technology,Accessories,Central,282.96,5,0.3,-6.09
ORD-00278,1/23/2025,CUST-0059,Technology,Accessories,West,516.66,9,0.2,118.13
ORD-00279,10/19/2025,CUST-0248,Technology,Copiers,West,1211.23,3,0.2,227.86
ORD-00280,7/7/2024,CUST-0126,Technology,Phones,Central,1413.52,2,0,91.82
ORD-00281,10/7/2025,CUST-0216,Furniture,Bookcases,East,240.41,1,0.1,11.85
ORD-00282,10/15/2025,CUST-0159,Technology,Copiers,West,1157.98,1,0,74.73
ORD-00283,6/26/2025,CUST-0005,Technology,Machines,South,860.04,1,0.3,226.97
ORD-00284,4/8/2024,CUST-0028,Technology,Accessories,East,699.21,4,0.15,4.85
ORD-00285,3/21/2024,CUST-0102,Office Supplies,Art,West,713.14,10,0.1,-6.89
ORD-00286,3/23/2024,CUST-0176,Technology,Phones,Central,1907.47,7,0.3,172.44
ORD-00287,1/10/2024,CUST-0164,Technology,Accessories,Central,922.76,8,0.3,30
ORD-00288,4/7/2024,CUST-0220,Technology,Phones,East,725.52,4,0.4,195.65
ORD-00289,10/14/2024,CUST-0176,Technology,Phones,East,5210.43,6,0,702.44
ORD-00290,12/30/2025,CUST-0193,Office Supplies,Binders,South,128.26,3,0.1,30.75
ORD-00291,7/7/2025,CUST-0174,Office Supplies,Art,East,9.9,2,0.2,0.74
ORD-00292,3/18/2024,CUST-0215,Office Supplies,Labels,West,156.58,6,0,33.42
ORD-00293,5/17/2025,CUST-0116,Furniture,Tables,West,2924.99,7,0.05,480.48
ORD-00294,9/25/2025,CUST-0022,Office Supplies,Paper,Central,17.42,2,0.15,3.22
ORD-00295,6/6/2024,CUST-0163,Technology,Copiers,South,2188.42,6,0,606.6
ORD-00296,1/3/2025,CUST-0114,Office Supplies,Binders,East,70.91,2,0.05,8.71
ORD-00297,2/21/2025,CUST-0132,Furniture,Bookcases,Central,1805.17,6,0,385.9
ORD-00298,1/29/2025,CUST-0222,Furniture,Tables,West,3236.95,7,0,400.78
ORD-00299,8/8/2025,CUST-0063,Technology,Accessories,West,212.44,3,0.05,1.56
ORD-00300,3/5/2024,CUST-0038,Furniture,Furnishings,South,781.67,7,0.15,-54.12
ORD-00301,9/9/2024,CUST-0065,Technology,Copiers,East,3551.05,8,0,-345.49
ORD-00302,12/6/2024,CUST-0102,Technology,Copiers,South,6240.7,8,0.2,1431.7
ORD-00303,8/31/2025,CUST-0167,Furniture,Tables,South,3055.54,10,0.1,-88.44
ORD-00304,11/22/2024,CUST-0102,Office Supplies,Envelopes,West,164.85,10,0.1,2
ORD-00305,2/6/2025,CUST-0202,Office Supplies,Binders,East,533.22,10,0.05,64.01
ORD-00306,4/17/2025,CUST-0244,Technology,Accessories,West,1032.76,5,0,225.41
ORD-00307,11/20/2025,CUST-0105,Office Supplies,Paper,South,115.45,4,0.15,21.48
ORD-00308,1/21/2025,CUST-0203,Furniture,Furnishings,West,1000.33,10,0.3,269.49
ORD-00309,12/9/2025,CUST-0223,Office Supplies,Labels,Central,36.94,6,0,-0.03
ORD-00310,12/29/2024,CUST-0171,Furniture,Bookcases,West,500.64,6,0.3,-30.32
ORD-00311,6/6/2025,CUST-0057,Technology,Accessories,West,508.77,6,0.3,87.42
ORD-00312,5/27/2025,CUST-0177,Furniture,Tables,Central,1981.73,8,0,531.54
ORD-00313,4/28/2024,CUST-0022,Technology,Accessories,South,477.12,5,0.2,-8.23
ORD-00314,12/22/2024,CUST-0124,Office Supplies,Binders,West,64.24,8,0.2,-5.28
ORD-00315,4/27/2024,CUST-0182,Furniture,Tables,Central,966.59,3,0.1,116.73
ORD-00316,7/27/2025,CUST-0085,Office Supplies,Art,East,109.98,7,0.05,17.92
ORD-00317,1/30/2024,CUST-0102,Technology,Accessories,West,723.24,10,0.3,131.55
ORD-00318,10/12/2024,CUST-0053,Technology,Phones,Central,3248.57,9,0.05,-68.77
ORD-00319,9/25/2024,CUST-0030,Technology,Copiers,South,9102.49,10,0.3,1227.03
ORD-00320,12/26/2024,CUST-0090,Office Supplies,Labels,East,137.7,5,0,3.48
ORD-00321,11/8/2024,CUST-0062,Furniture,Chairs,South,356.27,3,0.3,-15.98
ORD-00322,3/9/2025,CUST-0099,Furniture,Furnishings,East,1133.88,9,0.05,-49.76
ORD-00323,4/6/2025,CUST-0081,Technology,Phones,South,115.18,1,0.4,26.04
ORD-00324,7/29/2025,CUST-0247,Technology,Copiers,West,8278.24,8,0.3,641.9
ORD-00325,3/25/2024,CUST-0043,Technology,Phones,East,1526.9,5,0,175.66
ORD-00326,4/13/2025,CUST-0044,Technology,Copiers,Central,6822,10,0,799.83
ORD-00327,7/9/2025,CUST-0094,Furniture,Furnishings,East,1324.94,7,0,213.94
ORD-00328,10/31/2024,CUST-0064,Furniture,Furnishings,South,725.92,6,0,216.02
ORD-00329,8/30/2024,CUST-0199,Furniture,Tables,West,1403.41,3,0.05,316.35
ORD-00330,3/1/2024,CUST-0207,Technology,Machines,South,5254.59,10,0.05,954.35
ORD-00331,8/9/2025,CUST-0075,Office Supplies,Labels,Central,77.52,3,0.3,23.02
ORD-00332,11/2/2025,CUST-0222,Furniture,Chairs,East,712.39,3,0.2,145.75
ORD-00333,2/6/2025,CUST-0174,Office Supplies,Paper,South,118.79,7,0.3,18.23
ORD-00334,4/5/2024,CUST-0226,Office Supplies,Labels,South,137.19,6,0.4,4.24
ORD-00335,4/5/2024,CUST-0001,Technology,Copiers,South,828.93,2,0.3,59.56
ORD-00336,5/21/2025,CUST-0055,Office Supplies,Storage,South,843.85,6,0.05,79.44
ORD-00337,11/29/2025,CUST-0088,Furniture,Bookcases,Central,1007.74,8,0,244.94
ORD-00338,4/12/2025,CUST-0113,Furniture,Furnishings,East,144.24,3,0.15,39.39
ORD-00339,4/5/2024,CUST-0071,Technology,Machines,South,1648.5,2,0.2,263.04
ORD-00340,2/9/2025,CUST-0014,Technology,Machines,East,7596.24,7,0,-756.32
ORD-00341,3/20/2024,CUST-0123,Furniture,Chairs,West,255.64,1,0,57.99
ORD-00342,3/8/2025,CUST-0221,Technology,Accessories,West,183.49,2,0.1,35.29
ORD-00343,4/15/2024,CUST-0027,Office Supplies,Storage,South,413.2,3,0.3,83.16
ORD-00344,10/18/2025,CUST-0035,Technology,Accessories,Central,1408.29,9,0,-48.38
ORD-00345,8/6/2024,CUST-0090,Technology,Accessories,West,1298.35,10,0.4,-84.81
ORD-00346,5/23/2024,CUST-0026,Furniture,Furnishings,South,1130.91,7,0.2,-1
ORD-00347,3/27/2024,CUST-0166,Furniture,Tables,Central,1614.94,5,0.1,167.65
ORD-00348,2/5/2025,CUST-0192,Office Supplies,Envelopes,Central,50.73,4,0.4,-0.18
ORD-00349,8/31/2025,CUST-0164,Furniture,Bookcases,South,1271.84,6,0.05,299.63
ORD-00350,1/9/2025,CUST-0108,Technology,Accessories,West,301.93,2,0,-28.53
ORD-00351,2/10/2024,CUST-0056,Furniture,Furnishings,South,739.76,9,0.3,45.06
ORD-00352,7/3/2025,CUST-0164,Technology,Accessories,South,49.24,2,0.15,13.21
ORD-00353,6/8/2024,CUST-0250,Technology,Machines,West,5342.37,10,0,400.65
ORD-00354,9/1/2024,CUST-0245,Furniture,Chairs,Central,1263.82,7,0,181.4
ORD-00355,11/13/2025,CUST-0080,Technology,Accessories,Central,169.44,1,0.05,-5.84
ORD-00356,12/21/2024,CUST-0244,Technology,Machines,East,6553.22,6,0.05,1634.27
ORD-00357,4/30/2024,CUST-0188,Furniture,Tables,West,1157.37,5,0,335.66
ORD-00358,3/19/2024,CUST-0161,Office Supplies,Art,South,41.42,1,0.4,-1.38
ORD-00359,9/18/2024,CUST-0041,Furniture,Bookcases,East,866.65,9,0,212.48
ORD-00360,2/17/2024,CUST-0063,Office Supplies,Storage,West,666.39,3,0.05,161.93
ORD-00361,11/2/2025,CUST-0142,Office Supplies,Paper,South,128.93,4,0.3,3.61
ORD-00362,3/20/2024,CUST-0212,Technology,Machines,Central,3159.74,9,0,700.63
ORD-00363,2/14/2025,CUST-0012,Furniture,Furnishings,South,159.47,5,0.2,13.19
ORD-00364,7/24/2024,CUST-0095,Office Supplies,Labels,South,176.66,10,0.1,24.15
ORD-00365,7/19/2024,CUST-0127,Technology,Accessories,East,11.02,1,0.3,1.29
ORD-00366,12/11/2025,CUST-0163,Furniture,Tables,Central,904.25,7,0.15,101.21
ORD-00367,3/5/2025,CUST-0061,Office Supplies,Binders,East,41.46,5,0,-0.31
ORD-00368,6/16/2025,CUST-0217,Office Supplies,Envelopes,South,242.37,8,0,24.76
ORD-00369,2/7/2025,CUST-0164,Furniture,Bookcases,West,507.38,3,0.1,121.96
ORD-00370,2/6/2025,CUST-0238,Technology,Machines,South,2903.98,8,0.15,805.63
ORD-00371,8/21/2025,CUST-0035,Furniture,Chairs,Central,332.06,3,0.4,20.79
ORD-00372,1/1/2025,CUST-0138,Furniture,Furnishings,South,1469.28,8,0.15,-93.79
ORD-00373,12/3/2025,CUST-0207,Office Supplies,Envelopes,Central,31.91,4,0.2,5.89
ORD-00374,12/30/2024,CUST-0248,Office Supplies,Labels,Central,140.94,5,0.15,-4.29
ORD-00375,2/18/2025,CUST-0244,Office Supplies,Labels,East,7.05,2,0.4,1.53
ORD-00376,1/13/2024,CUST-0032,Furniture,Chairs,East,435.1,4,0.3,66.19
ORD-00377,3/27/2024,CUST-0166,Technology,Machines,Central,376.85,1,0,59.69
ORD-00378,5/11/2024,CUST-0208,Furniture,Tables,Central,75.19,1,0.4,20.28
ORD-00379,2/8/2025,CUST-0111,Office Supplies,Binders,West,209.78,7,0.05,55.24
ORD-00380,10/13/2024,CUST-0071,Office Supplies,Paper,Central,300.8,10,0.1,29.95
ORD-00381,7/17/2025,CUST-0226,Office Supplies,Binders,Central,53.52,5,0.3,-1.08
ORD-00382,6/22/2025,CUST-0227,Furniture,Bookcases,West,1013.3,6,0.4,95.12
ORD-00383,8/2/2025,CUST-0234,Technology,Machines,West,648.32,5,0.05,90.02
ORD-00384,10/14/2024,CUST-0008,Furniture,Furnishings,South,2196.14,10,0.1,-131.65
ORD-00385,9/3/2024,CUST-0169,Office Supplies,Labels,Central,43.35,4,0.3,10.22
ORD-00386,6/26/2024,CUST-0217,Furniture,Chairs,South,1548.42,6,0,62.98
ORD-00387,7/31/2025,CUST-0146,Furniture,Chairs,West,722.33,9,0.15,-61.26
ORD-00388,8/26/2024,CUST-0015,Technology,Accessories,Central,54.89,9,0.4,14.66
ORD-00389,5/13/2024,CUST-0052,Office Supplies,Envelopes,East,24.18,6,0,3.26
ORD-00390,5/25/2024,CUST-0235,Furniture,Tables,Central,1650.63,6,0.3,57.15
ORD-00391,5/19/2024,CUST-0083,Furniture,Furnishings,West,1041.12,6,0.05,129.92
ORD-00392,9/20/2025,CUST-0228,Office Supplies,Paper,East,223.11,7,0.15,3.97
ORD-00393,1/2/2024,CUST-0046,Technology,Copiers,Central,4458.89,3,0.2,1279.76
ORD-00394,10/16/2025,CUST-0057,Technology,Phones,West,1658.84,3,0.2,-7.97
ORD-00395,6/20/2024,CUST-0082,Technology,Phones,South,2379.79,8,0,-0.44
ORD-00396,12/24/2024,CUST-0018,Office Supplies,Binders,Central,26.51,1,0.3,1.8
ORD-00397,2/27/2025,CUST-0043,Office Supplies,Art,South,62.44,9,0.3,5.73
ORD-00398,8/14/2025,CUST-0222,Technology,Accessories,East,1614.45,8,0,-139.87
ORD-00399,11/22/2024,CUST-0006,Office Supplies,Binders,Central,408.09,6,0.05,-14.54
ORD-00400,7/14/2025,CUST-0020,Furniture,Tables,West,399.85,1,0.3,-13.6
ORD-00401,3/20/2025,CUST-0228,Furniture,Bookcases,Central,2378.85,6,0.1,151.56
ORD-00402,7/7/2025,CUST-0142,Office Supplies,Envelopes,South,33.79,5,0.1,1.93
ORD-00403,5/17/2025,CUST-0141,Furniture,Bookcases,South,78.7,1,0.3,18.07
ORD-00404,9/6/2025,CUST-0161,Office Supplies,Paper,Central,9.93,1,0.1,0.17
ORD-00405,4/29/2025,CUST-0021,Furniture,Tables,West,2627.71,8,0.4,15.77
ORD-00406,7/11/2025,CUST-0165,Office Supplies,Paper,South,65.91,7,0.2,-5.41
ORD-00407,4/21/2025,CUST-0113,Office Supplies,Paper,South,101.03,10,0,18.04
ORD-00408,3/28/2024,CUST-0025,Technology,Machines,West,7875.38,10,0.1,1861.1
ORD-00409,6/19/2025,CUST-0210,Office Supplies,Labels,West,180.88,10,0.1,-12.38
ORD-00410,2/5/2024,CUST-0232,Technology,Accessories,Central,1807.09,8,0.05,-59.88
ORD-00411,7/16/2024,CUST-0055,Furniture,Bookcases,West,216.59,2,0.3,49.6
ORD-00412,9/1/2025,CUST-0038,Office Supplies,Storage,Central,204.04,2,0.3,24.65
ORD-00413,10/9/2024,CUST-0220,Technology,Copiers,Central,2817.74,10,0.3,-113.11
ORD-00414,8/25/2025,CUST-0146,Technology,Phones,Central,7243.11,10,0,1788.98
ORD-00415,12/18/2024,CUST-0226,Office Supplies,Storage,West,114.26,8,0.4,1.16
ORD-00416,9/25/2025,CUST-0037,Technology,Copiers,Central,8080.38,7,0.2,-648.72
ORD-00417,10/2/2024,CUST-0122,Office Supplies,Binders,South,110.61,5,0.15,10.69
ORD-00418,12/2/2025,CUST-0179,Furniture,Chairs,East,839.85,5,0.4,23.81
ORD-00419,3/2/2025,CUST-0187,Technology,Phones,East,5968.91,8,0.1,375.25
ORD-00420,6/12/2025,CUST-0125,Office Supplies,Binders,East,98.97,2,0.15,6.07
ORD-00421,6/20/2025,CUST-0200,Technology,Phones,East,2758.76,4,0.1,-0.56
ORD-00422,2/21/2024,CUST-0117,Office Supplies,Envelopes,East,166.82,5,0.2,17.02
ORD-00423,5/6/2024,CUST-0163,Technology,Phones,East,2041.62,6,0.4,-59.14
ORD-00424,4/30/2025,CUST-0223,Technology,Machines,South,2928.79,3,0.15,514.12
ORD-00425,1/29/2024,CUST-0073,Office Supplies,Binders,East,623.55,10,0.1,99.11
ORD-00426,7/30/2024,CUST-0174,Office Supplies,Envelopes,West,392.74,9,0,112.66
ORD-00427,1/10/2024,CUST-0175,Office Supplies,Paper,East,135.17,10,0,19.37
ORD-00428,11/8/2024,CUST-0242,Technology,Machines,West,4158.54,7,0.2,-52.88
ORD-00429,11/24/2025,CUST-0078,Technology,Copiers,Central,968.5,1,0.2,133.18
ORD-00430,11/1/2024,CUST-0073,Technology,Phones,West,1424.73,2,0.2,222.6
ORD-00431,10/10/2024,CUST-0221,Office Supplies,Envelopes,South,103.79,4,0.05,-0.4
ORD-00432,9/6/2025,CUST-0015,Office Supplies,Envelopes,South,101.41,3,0,30.32
ORD-00433,3/4/2025,CUST-0067,Office Supplies,Art,Central,258.9,10,0.1,47.99
ORD-00434,7/1/2025,CUST-0176,Technology,Copiers,South,13171.42,9,0.15,3111.82
ORD-00435,7/25/2025,CUST-0225,Furniture,Tables,Central,3575.49,8,0.05,679.61
ORD-00436,7/6/2024,CUST-0144,Technology,Machines,Central,1320.51,4,0.2,328.24
ORD-00437,12/5/2024,CUST-0108,Office Supplies,Storage,South,1004.61,8,0,247.69
ORD-00438,8/17/2025,CUST-0150,Technology,Phones,West,3165.39,4,0,166.71
ORD-00439,2/27/2025,CUST-0077,Furniture,Chairs,East,533.92,4,0.2,68.21
ORD-00440,4/13/2025,CUST-0233,Furniture,Tables,East,319.58,2,0.4,94.17
ORD-00441,10/11/2025,CUST-0081,Furniture,Bookcases,West,1627.39,5,0.1,-52.98
ORD-00442,6/11/2024,CUST-0196,Office Supplies,Binders,East,367.58,10,0.3,22.55
ORD-00443,5/3/2025,CUST-0248,Office Supplies,Binders,Central,484.38,9,0.1,135.64
ORD-00444,11/25/2024,CUST-0229,Technology,Accessories,Central,57.87,1,0.1,14.51
ORD-00445,5/12/2024,CUST-0080,Furniture,Furnishings,South,628.45,3,0,12.12
ORD-00446,4/11/2025,CUST-0075,Technology,Machines,West,3587.03,3,0.2,344.61
ORD-00447,7/11/2024,CUST-0193,Furniture,Furnishings,Central,674.1,4,0.1,-32.03
ORD-00448,1/23/2024,CUST-0188,Technology,Accessories,Central,600.28,6,0,93.72
ORD-00449,7/1/2025,CUST-0198,Technology,Phones,Central,239.11,2,0,-12.84
ORD-00450,1/24/2025,CUST-0114,Furniture,Tables,West,1208.51,3,0.1,183.84
ORD-00451,3/6/2025,CUST-0078,Technology,Phones,South,4022.65,10,0.05,1043.67
ORD-00452,9/24/2025,CUST-0131,Furniture,Tables,Central,239.19,2,0.4,-4.81
ORD-00453,6/19/2025,CUST-0068,Furniture,Tables,West,568.59,5,0.05,56.03
ORD-00454,12/5/2025,CUST-0054,Office Supplies,Storage,East,172.83,1,0,45.41
ORD-00455,8/10/2025,CUST-0214,Technology,Copiers,East,3004.83,2,0,-178.74
ORD-00456,10/21/2025,CUST-0066,Furniture,Furnishings,South,94.56,5,0.4,21.3
ORD-00457,2/10/2024,CUST-0224,Office Supplies,Storage,South,261.27,7,0,53.11
ORD-00458,1/10/2024,CUST-0012,Furniture,Chairs,South,1209.88,6,0.4,8.86
ORD-00459,4/5/2024,CUST-0188,Office Supplies,Storage,East,152.68,2,0.3,12.61
ORD-00460,1/29/2025,CUST-0214,Technology,Copiers,West,1315.56,3,0,250.7
ORD-00461,6/12/2024,CUST-0242,Furniture,Furnishings,West,370.14,10,0.4,19.21
ORD-00462,9/18/2025,CUST-0092,Furniture,Chairs,West,2521.23,8,0,192.31
ORD-00463,9/24/2024,CUST-0017,Technology,Machines,Central,11899.34,9,0.1,1998.35
ORD-00464,6/15/2025,CUST-0087,Technology,Phones,West,872.43,4,0.4,148.77
ORD-00465,6/1/2024,CUST-0099,Technology,Phones,Central,1401.36,3,0.4,347.21
ORD-00466,5/18/2025,CUST-0020,Office Supplies,Paper,South,134.13,5,0,16.12
ORD-00467,2/16/2025,CUST-0097,Furniture,Bookcases,West,540.32,8,0.4,53.7
ORD-00468,5/1/2024,CUST-0081,Office Supplies,Envelopes,Central,31.33,2,0.3,3.85
ORD-00469,4/3/2024,CUST-0001,Technology,Machines,East,3895.55,8,0.2,-304.98
ORD-00470,4/10/2025,CUST-0058,Office Supplies,Labels,West,22.8,6,0.4,4.64
ORD-00471,1/3/2024,CUST-0057,Office Supplies,Storage,South,1295.95,9,0.2,-105.86
ORD-00472,5/19/2025,CUST-0043,Furniture,Furnishings,Central,284.11,5,0.1,77.3
ORD-00473,8/8/2024,CUST-0101,Office Supplies,Paper,South,7.26,2,0.3,1.11
ORD-00474,8/25/2025,CUST-0173,Furniture,Furnishings,West,2296.02,10,0.05,-225.62
ORD-00475,2/19/2024,CUST-0189,Technology,Copiers,West,12357.07,9,0.05,-377.38
ORD-00476,5/11/2024,CUST-0209,Furniture,Furnishings,South,732.65,9,0.3,105.21
ORD-00477,9/11/2024,CUST-0178,Office Supplies,Art,South,194.32,5,0.4,-8.69
ORD-00478,12/17/2025,CUST-0155,Technology,Machines,South,3088.08,9,0.1,462.18
ORD-00479,12/4/2025,CUST-0075,Office Supplies,Envelopes,East,87.33,3,0.2,17.84
ORD-00480,5/6/2025,CUST-0144,Technology,Copiers,South,7986.4,7,0,-717.91
ORD-00481,2/24/2024,CUST-0038,Technology,Phones,East,4210.86,5,0.05,729.98
ORD-00482,3/4/2024,CUST-0038,Technology,Machines,East,5419.4,9,0,439.18
ORD-00483,11/22/2025,CUST-0158,Technology,Accessories,West,599.44,4,0.15,-48.68
ORD-00484,1/31/2025,CUST-0098,Office Supplies,Envelopes,South,32.48,9,0,0.02
ORD-00485,3/29/2025,CUST-0159,Furniture,Tables,East,1102.99,4,0.15,323.6
ORD-00486,7/10/2024,CUST-0020,Furniture,Bookcases,West,128.29,1,0.3,0.73
ORD-00487,8/21/2025,CUST-0042,Office Supplies,Binders,South,60.77,8,0.05,16.5
ORD-00488,2/22/2024,CUST-0153,Technology,Machines,West,1616.26,10,0.2,295.89
ORD-00489,8/13/2024,CUST-0135,Furniture,Bookcases,East,558.7,7,0.3,-6.44
ORD-00490,11/10/2025,CUST-0055,Office Supplies,Storage,South,1072.45,5,0.1,157.99
ORD-00491,7/28/2025,CUST-0122,Technology,Phones,Central,997.51,6,0.4,156.52
ORD-00492,9/28/2025,CUST-0236,Furniture,Bookcases,South,1559.42,7,0,181.04
ORD-00493,1/26/2024,CUST-0073,Technology,Machines,West,4120.06,8,0,661.73
ORD-00494,6/10/2025,CUST-0083,Furniture,Bookcases,East,2807.69,9,0,-44.05
ORD-00495,8/6/2024,CUST-0162,Technology,Copiers,Central,3818.67,4,0.3,1053.57
ORD-00496,12/3/2025,CUST-0192,Furniture,Bookcases,West,674.3,6,0,-52.79
ORD-00497,9/14/2024,CUST-0204,Technology,Phones,East,1393.65,5,0.3,211.96
ORD-00498,11/19/2024,CUST-0111,Furniture,Furnishings,Central,1507.75,9,0,222.15
ORD-00499,8/22/2025,CUST-0194,Furniture,Bookcases,South,1685.16,9,0,293.81
ORD-00500,3/29/2024,CUST-0156,Office Supplies,Art,West,272.8,7,0,30.93
ORD-00501,2/4/2025,CUST-0035,Technology,Machines,East,5761.39,5,0.2,-550.44
ORD-00502,7/22/2025,CUST-0224,Furniture,Bookcases,Central,195.12,1,0.3,54.4
ORD-00503,8/3/2024,CUST-0079,Technology,Machines,East,2163.49,7,0.05,-25.28
ORD-00504,9/15/2024,CUST-0214,Furniture,Bookcases,East,3950.13,10,0,1078.18
ORD-00505,4/17/2025,CUST-0141,Technology,Phones,South,272.89,2,0.15,51.91
ORD-00506,12/4/2024,CUST-0125,Office Supplies,Paper,East,54.6,2,0.15,14.2
ORD-00507,5/12/2025,CUST-0082,Office Supplies,Storage,South,1405.09,10,0.05,64.35
ORD-00508,3/14/2025,CUST-0081,Furniture,Bookcases,South,1236.65,4,0.1,193.33
ORD-00509,1/3/2025,CUST-0071,Furniture,Tables,West,1340.98,8,0.4,29.75
ORD-00510,4/21/2024,CUST-0142,Furniture,Bookcases,South,478.97,3,0.1,121.91
ORD-00511,3/18/2024,CUST-0020,Furniture,Bookcases,West,3737.99,10,0.1,450.94
ORD-00512,7/6/2025,CUST-0140,Office Supplies,Envelopes,East,56.68,6,0.3,11.84
ORD-00513,10/24/2024,CUST-0188,Furniture,Furnishings,Central,758.79,7,0.2,125.25
ORD-00514,9/20/2025,CUST-0218,Technology,Accessories,East,402.76,8,0.05,112.57
ORD-00515,5/29/2024,CUST-0169,Technology,Copiers,South,1413.59,1,0.1,-10.32
ORD-00516,1/13/2025,CUST-0068,Furniture,Bookcases,East,1609.88,9,0.2,430.1
ORD-00517,2/17/2024,CUST-0226,Furniture,Tables,Central,3958.39,9,0.15,21.08
ORD-00518,8/6/2025,CUST-0140,Furniture,Furnishings,West,832.99,6,0,42.09
ORD-00519,8/16/2024,CUST-0233,Technology,Copiers,South,5856.42,6,0.4,1492.62
ORD-00520,5/28/2025,CUST-0002,Furniture,Furnishings,East,553.38,4,0,6.82
ORD-00521,7/10/2024,CUST-0039,Furniture,Tables,Central,1415.64,4,0.3,266.29
ORD-00522,11/22/2025,CUST-0124,Office Supplies,Art,East,498.62,10,0.05,32.09
ORD-00523,2/14/2024,CUST-0063,Furniture,Chairs,East,2845.33,9,0,-117.38
ORD-00524,9/21/2024,CUST-0043,Furniture,Furnishings,Central,349.08,5,0,49.78
ORD-00525,5/8/2025,CUST-0121,Furniture,Chairs,West,2720.14,10,0.05,620.69
ORD-00526,9/30/2025,CUST-0047,Technology,Machines,East,3366.53,6,0.4,-243.95
ORD-00527,1/29/2025,CUST-0097,Furniture,Bookcases,Central,1080.27,4,0.3,153.62
ORD-00528,5/2/2025,CUST-0046,Technology,Phones,Central,744.84,2,0.4,194.25
ORD-00529,1/2/2024,CUST-0139,Technology,Copiers,West,8734.54,6,0,625.24
ORD-00530,5/8/2025,CUST-0241,Office Supplies,Storage,Central,497.5,7,0.05,102.66
ORD-00531,3/26/2024,CUST-0233,Office Supplies,Labels,West,9.94,5,0.1,1.96
ORD-00532,8/14/2025,CUST-0002,Technology,Phones,Central,4057,7,0.1,106.95
ORD-00533,4/19/2024,CUST-0093,Furniture,Furnishings,South,524.56,5,0.3,75.93
ORD-00534,2/10/2025,CUST-0175,Furniture,Furnishings,West,356.62,3,0.2,33.35
ORD-00535,8/14/2025,CUST-0079,Office Supplies,Envelopes,West,114.44,3,0,9
ORD-00536,6/14/2024,CUST-0180,Furniture,Chairs,West,538.97,6,0,154.05
ORD-00537,4/3/2024,CUST-0002,Furniture,Furnishings,West,161.02,2,0,7.78
ORD-00538,2/8/2024,CUST-0156,Technology,Copiers,West,12587.57,10,0.15,1749.53
ORD-00539,6/28/2024,CUST-0243,Technology,Copiers,West,1557.92,1,0.1,424.23
ORD-00540,10/19/2024,CUST-0133,Furniture,Bookcases,East,3129.2,10,0.05,137.36
ORD-00541,1/1/2024,CUST-0168,Furniture,Bookcases,South,1835.54,7,0.2,114.13
ORD-00542,6/14/2025,CUST-0052,Furniture,Bookcases,Central,2667.34,9,0.15,329.8
ORD-00543,12/22/2024,CUST-0150,Office Supplies,Storage,East,1096.82,10,0.1,67.55
ORD-00544,9/24/2024,CUST-0002,Furniture,Furnishings,Central,1221.56,9,0,43.96
ORD-00545,6/9/2025,CUST-0030,Office Supplies,Labels,South,131.04,8,0.3,27.25
ORD-00546,12/13/2024,CUST-0194,Office Supplies,Envelopes,West,256.53,10,0,0.8
ORD-00547,10/10/2025,CUST-0098,Furniture,Chairs,South,1120.65,7,0.2,-107.71
ORD-00548,9/26/2024,CUST-0214,Furniture,Tables,Central,772.88,7,0.2,210.66
ORD-00549,11/17/2024,CUST-0122,Office Supplies,Paper,South,71.42,3,0.1,-1.44
ORD-00550,9/4/2024,CUST-0189,Office Supplies,Paper,East,152.31,4,0.1,6.46
ORD-00551,4/19/2024,CUST-0200,Furniture,Bookcases,West,3627.7,10,0,422.95
ORD-00552,5/8/2025,CUST-0011,Office Supplies,Labels,South,140.42,8,0.15,41.25
ORD-00553,6/7/2025,CUST-0235,Office Supplies,Art,East,59.12,10,0.05,12.99
ORD-00554,7/7/2025,CUST-0123,Furniture,Tables,West,1058.86,3,0.4,189.85
ORD-00555,11/19/2024,CUST-0118,Technology,Phones,Central,1557.99,4,0.3,47.01
ORD-00556,9/22/2024,CUST-0157,Furniture,Tables,East,1737.79,5,0.4,64.71
ORD-00557,5/25/2025,CUST-0048,Office Supplies,Paper,West,207.14,6,0.2,2.45
ORD-00558,8/8/2025,CUST-0047,Furniture,Chairs,Central,954.7,5,0.1,231.54
ORD-00559,5/29/2024,CUST-0051,Technology,Accessories,West,105.61,1,0.05,-4.88
ORD-00560,10/7/2025,CUST-0229,Technology,Machines,West,3769.72,5,0.15,479.26
ORD-00561,4/11/2024,CUST-0102,Technology,Accessories,Central,422.86,4,0.15,64.25
ORD-00562,12/8/2024,CUST-0116,Office Supplies,Storage,South,733.43,9,0.15,47.46
ORD-00563,11/26/2025,CUST-0090,Technology,Accessories,East,352.09,5,0.2,36.68
ORD-00564,4/2/2025,CUST-0199,Furniture,Furnishings,South,1669.71,8,0.05,260.86
ORD-00565,12/11/2024,CUST-0238,Office Supplies,Envelopes,West,21.23,2,0,-0.18
ORD-00566,10/30/2025,CUST-0082,Office Supplies,Envelopes,South,110.24,10,0.3,8.59
ORD-00567,1/6/2025,CUST-0221,Technology,Copiers,West,4952.11,3,0.05,-247.53
ORD-00568,11/8/2025,CUST-0061,Office Supplies,Envelopes,Central,82.31,4,0.05,-5.08
ORD-00569,4/29/2025,CUST-0240,Technology,Phones,Central,1156.55,7,0,170.29
ORD-00570,11/1/2025,CUST-0022,Office Supplies,Storage,East,405.09,4,0.15,-20.03
ORD-00571,6/23/2024,CUST-0135,Furniture,Bookcases,South,910.3,6,0.4,226.08
ORD-00572,10/5/2024,CUST-0240,Technology,Copiers,East,10802.89,9,0.05,892.51
ORD-00573,10/13/2025,CUST-0192,Technology,Copiers,South,4217.05,6,0.4,935.69
ORD-00574,11/11/2024,CUST-0114,Office Supplies,Art,South,7.2,3,0.15,0.79
ORD-00575,5/19/2024,CUST-0195,Office Supplies,Storage,West,1589.63,9,0,153.83
ORD-00576,5/3/2025,CUST-0194,Office Supplies,Binders,West,291.41,5,0.1,34.76
ORD-00577,2/25/2025,CUST-0049,Technology,Copiers,West,5650.18,4,0.05,894.97
ORD-00578,1/22/2025,CUST-0213,Furniture,Tables,Central,2257.32,7,0.1,496.57
ORD-00579,12/11/2025,CUST-0157,Technology,Machines,South,5187.2,9,0.15,1252.15
ORD-00580,5/19/2024,CUST-0047,Office Supplies,Binders,West,152.46,10,0.4,22.73
ORD-00581,11/24/2024,CUST-0049,Furniture,Chairs,Central,878.77,9,0,-51.93
ORD-00582,5/8/2024,CUST-0069,Technology,Copiers,Central,1884.92,4,0,183.65
ORD-00583,3/6/2025,CUST-0088,Office Supplies,Art,South,222.08,8,0,52.73
ORD-00584,5/29/2024,CUST-0244,Furniture,Tables,West,228.96,2,0.4,59.14
ORD-00585,1/25/2025,CUST-0065,Furniture,Bookcases,East,720.09,7,0.4,214.45
ORD-00586,4/16/2025,CUST-0051,Technology,Phones,East,3577.18,8,0.3,88.87
ORD-00587,6/11/2024,CUST-0083,Technology,Phones,Central,1810.76,5,0.4,-37.14
ORD-00588,2/23/2024,CUST-0228,Technology,Accessories,Central,246.07,4,0.3,-8.13
ORD-00589,8/21/2025,CUST-0071,Furniture,Furnishings,East,153.65,1,0,27.09
ORD-00590,9/2/2025,CUST-0177,Furniture,Tables,Central,1329.85,4,0.05,231.9
ORD-00591,10/2/2025,CUST-0087,Furniture,Bookcases,South,379.67,3,0,-2.63
ORD-00592,10/22/2025,CUST-0143,Office Supplies,Art,East,20.96,1,0.3,-0.97
ORD-00593,2/10/2024,CUST-0231,Office Supplies,Envelopes,West,218.09,9,0.15,20.94
ORD-00594,7/10/2024,CUST-0146,Technology,Machines,South,8940.14,8,0.15,1246.9
ORD-00595,7/21/2025,CUST-0221,Furniture,Bookcases,East,2605.66,8,0.15,303.93
ORD-00596,1/1/2024,CUST-0117,Technology,Copiers,East,1277.46,1,0.2,-5.73
ORD-00597,3/5/2024,CUST-0185,Technology,Copiers,East,8522.94,9,0.4,-326.83
ORD-00598,11/26/2024,CUST-0073,Office Supplies,Envelopes,South,55.18,2,0,-4.05
ORD-00599,5/12/2024,CUST-0214,Furniture,Bookcases,East,181.08,2,0.4,-15.8
ORD-00600,2/1/2025,CUST-0165,Technology,Copiers,South,477.84,1,0.2,89.42
ORD-00601,8/1/2024,CUST-0004,Technology,Copiers,Central,6797.34,8,0,1341.73
ORD-00602,3/1/2025,CUST-0228,Office Supplies,Envelopes,Central,236.84,10,0.15,45.88
ORD-00603,11/7/2024,CUST-0214,Furniture,Chairs,Central,368.67,2,0.1,-8.93
ORD-00604,11/3/2025,CUST-0135,Furniture,Chairs,West,398.55,2,0.2,72.15
ORD-00605,4/16/2024,CUST-0110,Furniture,Chairs,West,1755.61,9,0.2,199.37
ORD-00606,3/29/2025,CUST-0154,Office Supplies,Storage,South,817.25,6,0.3,59.03
ORD-00607,11/27/2024,CUST-0186,Technology,Accessories,East,573.59,7,0.15,46.44
ORD-00608,2/10/2025,CUST-0246,Furniture,Bookcases,South,2715.15,10,0,807.39
ORD-00609,1/7/2024,CUST-0078,Office Supplies,Paper,East,235.57,6,0,65.33
ORD-00610,10/9/2024,CUST-0211,Technology,Accessories,Central,57.21,1,0.4,-2.55
ORD-00611,8/19/2025,CUST-0094,Furniture,Chairs,South,1084.26,5,0,138.38
ORD-00612,3/20/2024,CUST-0056,Technology,Machines,West,2260.78,3,0.4,397.53
ORD-00613,4/7/2024,CUST-0148,Technology,Machines,Central,1469.08,10,0.3,-114.05
ORD-00614,12/8/2024,CUST-0198,Office Supplies,Art,West,108.57,2,0.1,26.03
ORD-00615,1/12/2024,CUST-0238,Technology,Copiers,Central,3873.85,5,0,487.97
ORD-00616,5/29/2025,CUST-0084,Technology,Accessories,East,170.13,1,0.3,34.22
ORD-00617,5/31/2025,CUST-0148,Furniture,Chairs,West,300.59,5,0.3,10.36
ORD-00618,8/8/2025,CUST-0122,Technology,Phones,West,2033.96,5,0,150.1
ORD-00619,5/13/2024,CUST-0179,Furniture,Furnishings,East,952.1,8,0.3,-20.53
ORD-00620,6/20/2025,CUST-0158,Furniture,Chairs,Central,490.9,5,0.3,132.37
ORD-00621,4/25/2024,CUST-0023,Technology,Copiers,West,2605.83,6,0.2,98.53
ORD-00622,1/25/2024,CUST-0168,Office Supplies,Paper,South,193.74,10,0.4,14.76
ORD-00623,8/27/2024,CUST-0237,Furniture,Tables,East,939.58,2,0,-2.61
ORD-00624,5/31/2024,CUST-0159,Office Supplies,Binders,South,65.88,2,0.15,-5.99
ORD-00625,7/4/2025,CUST-0054,Furniture,Chairs,South,1258.97,9,0.4,373.81
ORD-00626,12/16/2025,CUST-0178,Technology,Phones,West,2894.74,10,0,-219.87
ORD-00627,12/14/2025,CUST-0052,Technology,Machines,Central,1545.9,8,0,253.76
ORD-00628,11/6/2025,CUST-0170,Office Supplies,Binders,Central,78.18,5,0.3,4.09
ORD-00629,4/11/2024,CUST-0182,Office Supplies,Art,Central,110.84,3,0.1,9.22
ORD-00630,12/30/2025,CUST-0238,Furniture,Bookcases,East,1556.17,9,0.15,89.26
ORD-00631,1/19/2024,CUST-0041,Office Supplies,Envelopes,South,71.92,6,0.15,20.95
ORD-00632,10/9/2024,CUST-0129,Furniture,Tables,West,180.87,1,0.15,6.64
ORD-00633,11/3/2025,CUST-0101,Furniture,Bookcases,West,1898.75,9,0.1,245.24
ORD-00634,11/15/2024,CUST-0110,Technology,Machines,West,3329.88,9,0.05,-148.41
ORD-00635,12/1/2025,CUST-0139,Furniture,Chairs,South,1481.89,9,0.05,390.63
ORD-00636,5/28/2024,CUST-0198,Technology,Accessories,South,108.38,2,0,25.56
ORD-00637,1/31/2024,CUST-0038,Office Supplies,Art,West,180.47,5,0.4,41.27
ORD-00638,10/7/2024,CUST-0164,Furniture,Chairs,Central,137.15,3,0.05,40.37
ORD-00639,9/30/2024,CUST-0158,Technology,Accessories,East,384.89,4,0,67.45
ORD-00640,5/17/2024,CUST-0123,Technology,Copiers,South,2277.66,3,0.3,-102.48
ORD-00641,8/19/2024,CUST-0050,Furniture,Furnishings,Central,249.16,5,0.3,41.99
ORD-00642,7/28/2024,CUST-0052,Furniture,Chairs,West,1519.42,10,0.4,374.86
ORD-00643,9/9/2024,CUST-0228,Office Supplies,Art,Central,407.23,10,0.3,23.48
ORD-00644,8/8/2025,CUST-0241,Technology,Phones,Central,3639.11,8,0.4,-302.17
ORD-00645,6/15/2025,CUST-0063,Technology,Copiers,Central,7112.88,9,0.3,1083
ORD-00646,7/13/2024,CUST-0013,Office Supplies,Art,West,161.44,5,0.15,11.14
ORD-00647,2/25/2024,CUST-0157,Technology,Accessories,West,1467.48,8,0,-80.32
ORD-00648,8/22/2025,CUST-0200,Technology,Accessories,West,661.99,7,0.2,-18.83
ORD-00649,12/30/2025,CUST-0152,Furniture,Furnishings,Central,716.38,5,0.2,188.31
ORD-00650,6/16/2024,CUST-0204,Technology,Phones,Central,719.93,2,0.4,-47.43
ORD-00651,1/28/2025,CUST-0182,Technology,Accessories,West,129.39,9,0.3,-4.09
ORD-00652,8/2/2025,CUST-0086,Technology,Accessories,East,554.6,3,0.05,-44.08
ORD-00653,11/12/2024,CUST-0079,Technology,Copiers,South,5452.13,3,0,1549.35
ORD-00654,9/29/2025,CUST-0001,Office Supplies,Binders,West,219.66,8,0.4,-21.46
ORD-00655,5/20/2025,CUST-0226,Furniture,Chairs,West,991.1,8,0.3,139.24
ORD-00656,9/7/2024,CUST-0002,Technology,Machines,East,292.18,1,0.05,47.13
ORD-00657,5/28/2024,CUST-0010,Furniture,Tables,South,308.89,2,0,91.89
ORD-00658,11/19/2025,CUST-0042,Office Supplies,Labels,East,239.34,8,0.2,-15.02
ORD-00659,11/26/2024,CUST-0077,Office Supplies,Art,Central,173.89,7,0,-8.03
ORD-00660,10/8/2024,CUST-0178,Office Supplies,Labels,West,230.38,9,0.1,33.36
ORD-00661,8/8/2025,CUST-0028,Technology,Phones,West,3656.56,10,0.15,874.35
ORD-00662,6/22/2025,CUST-0067,Technology,Machines,East,4965.53,10,0.4,758.45
ORD-00663,7/3/2024,CUST-0127,Technology,Accessories,South,153.48,4,0,13.19
ORD-00664,4/30/2024,CUST-0204,Technology,Accessories,West,630.77,7,0,78.32
ORD-00665,8/5/2024,CUST-0164,Furniture,Chairs,South,677.05,5,0,69.52
ORD-00666,1/7/2024,CUST-0083,Furniture,Tables,South,3612.15,7,0,-80.89
ORD-00667,12/12/2024,CUST-0214,Technology,Copiers,West,1013.36,1,0.05,152.9
ORD-00668,7/3/2025,CUST-0229,Office Supplies,Art,West,39.16,1,0.15,6.71
ORD-00669,7/2/2025,CUST-0143,Furniture,Chairs,South,2043.48,6,0,24.9
ORD-00670,12/13/2024,CUST-0008,Office Supplies,Envelopes,East,82.65,10,0.3,-4.4
ORD-00671,11/11/2024,CUST-0201,Technology,Machines,Central,775.31,5,0.3,194.46
ORD-00672,4/7/2025,CUST-0096,Office Supplies,Paper,South,61.76,3,0,-5.25
ORD-00673,4/4/2024,CUST-0052,Office Supplies,Labels,Central,70.13,8,0.05,18.9
ORD-00674,6/20/2025,CUST-0188,Office Supplies,Storage,East,120.12,2,0.05,-10.26
ORD-00675,12/31/2025,CUST-0100,Technology,Phones,Central,3216.91,5,0,443.02
ORD-00676,12/7/2024,CUST-0023,Office Supplies,Binders,Central,51.15,9,0.15,10.4
ORD-00677,8/2/2024,CUST-0164,Office Supplies,Paper,East,119.07,5,0.15,24.9
ORD-00678,4/30/2024,CUST-0172,Office Supplies,Paper,East,18.59,5,0,2.77
ORD-00679,4/14/2024,CUST-0132,Furniture,Tables,South,2715.28,5,0.05,601.71
ORD-00680,9/7/2024,CUST-0147,Furniture,Bookcases,South,2240.11,10,0.2,-178.56
ORD-00681,4/27/2025,CUST-0008,Technology,Phones,Central,1054.33,7,0,59.85
ORD-00682,9/2/2025,CUST-0181,Technology,Copiers,South,6685.58,5,0.2,1237.9
ORD-00683,6/30/2025,CUST-0172,Furniture,Furnishings,East,50.84,2,0.4,1.23
ORD-00684,12/28/2025,CUST-0165,Office Supplies,Art,East,262.83,4,0.05,38.58
ORD-00685,1/7/2025,CUST-0234,Office Supplies,Paper,South,93.29,6,0.4,-6.89
ORD-00686,12/25/2024,CUST-0029,Office Supplies,Art,East,196.59,5,0.2,-9.64
ORD-00687,2/19/2025,CUST-0027,Technology,Phones,South,6568.14,9,0,742.84
ORD-00688,8/27/2025,CUST-0103,Office Supplies,Paper,East,417.01,9,0.05,22.32
ORD-00689,8/1/2024,CUST-0088,Technology,Copiers,West,9441.19,10,0.2,-52.29
ORD-00690,11/16/2025,CUST-0170,Furniture,Furnishings,Central,569.02,10,0.4,-34.68
ORD-00691,6/29/2024,CUST-0114,Office Supplies,Art,Central,554.7,10,0,76.86
ORD-00692,1/23/2025,CUST-0210,Office Supplies,Art,Central,118.31,2,0.1,30.16
ORD-00693,10/13/2025,CUST-0232,Furniture,Chairs,East,1094.08,8,0.15,143.51
ORD-00694,7/29/2024,CUST-0051,Technology,Machines,South,11780.17,10,0.15,3235.67
ORD-00695,12/18/2024,CUST-0184,Furniture,Bookcases,West,262.88,3,0.15,68.46
ORD-00696,2/24/2024,CUST-0248,Furniture,Tables,Central,1088.1,5,0,196.83
ORD-00697,10/2/2025,CUST-0101,Office Supplies,Envelopes,West,114.92,7,0.3,-1.78
ORD-00698,5/1/2025,CUST-0045,Furniture,Chairs,West,368.86,6,0.3,110.28
ORD-00699,5/8/2024,CUST-0172,Furniture,Bookcases,Central,329.55,1,0.05,31.2
ORD-00700,5/19/2024,CUST-0112,Furniture,Chairs,West,1305.96,8,0.3,106.77
ORD-00701,7/19/2025,CUST-0109,Office Supplies,Art,South,133.5,4,0.05,-12.95
ORD-00702,8/30/2024,CUST-0128,Technology,Machines,West,1057.3,9,0.2,-89.72
ORD-00703,12/22/2025,CUST-0124,Office Supplies,Binders,West,113.55,2,0.05,12.55
ORD-00704,10/13/2024,CUST-0220,Office Supplies,Labels,Central,101.87,9,0,15.51
ORD-00705,11/15/2025,CUST-0170,Furniture,Tables,Central,2006.61,6,0,210.82
ORD-00706,8/10/2025,CUST-0121,Technology,Machines,West,2574.95,6,0.15,-221.11
ORD-00707,9/3/2025,CUST-0237,Technology,Machines,South,545.64,1,0.4,70.47
ORD-00708,10/25/2024,CUST-0169,Technology,Phones,South,1471.95,8,0,-101.94
ORD-00709,10/11/2024,CUST-0201,Office Supplies,Paper,South,15.59,5,0.15,-0.86
ORD-00710,8/28/2025,CUST-0045,Technology,Accessories,West,414.39,6,0.05,74.72
ORD-00711,7/4/2024,CUST-0125,Technology,Phones,South,1079.86,2,0.05,246.95
ORD-00712,5/22/2025,CUST-0215,Office Supplies,Art,East,140.2,8,0.05,27.16
ORD-00713,2/25/2024,CUST-0089,Technology,Machines,Central,712.14,1,0.05,64.44
ORD-00714,6/29/2025,CUST-0122,Furniture,Furnishings,West,363.01,8,0.15,90.07
ORD-00715,10/22/2024,CUST-0004,Office Supplies,Art,South,86.35,9,0,9.72
ORD-00716,3/18/2025,CUST-0091,Technology,Machines,South,5198.78,5,0.15,11.11
ORD-00717,2/4/2025,CUST-0150,Office Supplies,Envelopes,East,246.94,10,0.1,42.25
ORD-00718,11/16/2024,CUST-0047,Technology,Phones,Central,834.45,2,0,91.88
ORD-00719,4/1/2025,CUST-0176,Office Supplies,Paper,South,20.7,5,0.1,3.06
ORD-00720,8/31/2025,CUST-0015,Technology,Accessories,Central,431.09,2,0,-20.71
ORD-00721,10/25/2025,CUST-0169,Technology,Accessories,Central,205.78,3,0.15,33.79
ORD-00722,10/16/2025,CUST-0020,Office Supplies,Storage,West,270.62,6,0.15,-19.05
ORD-00723,3/4/2024,CUST-0199,Office Supplies,Art,South,65.06,1,0.15,0.38
ORD-00724,3/12/2024,CUST-0113,Office Supplies,Paper,West,14.57,3,0.4,1.69
ORD-00725,8/11/2024,CUST-0111,Technology,Phones,West,542.93,5,0,-39
ORD-00726,9/13/2024,CUST-0187,Office Supplies,Binders,West,224.9,3,0,37.3
ORD-00727,6/4/2024,CUST-0069,Technology,Machines,West,8215.36,10,0,2267.15
ORD-00728,5/4/2025,CUST-0126,Office Supplies,Art,Central,18.29,9,0.1,5.15
ORD-00729,5/8/2025,CUST-0210,Furniture,Tables,South,446.59,5,0.3,133.44
ORD-00730,4/2/2024,CUST-0166,Office Supplies,Labels,South,37.08,2,0.4,0.59
ORD-00731,6/29/2024,CUST-0052,Technology,Phones,West,2212.12,4,0.15,572.02
ORD-00732,12/6/2025,CUST-0162,Office Supplies,Art,Central,92.99,8,0.1,-2.12
ORD-00733,8/30/2025,CUST-0185,Furniture,Furnishings,West,229.38,2,0.15,65.6
ORD-00734,4/5/2025,CUST-0208,Furniture,Bookcases,South,297.18,1,0.2,-24.63
ORD-00735,8/4/2024,CUST-0031,Technology,Copiers,East,16782.02,10,0.1,-1430.65
ORD-00736,5/15/2025,CUST-0037,Technology,Phones,West,2790,10,0,445.05
ORD-00737,6/25/2024,CUST-0004,Technology,Phones,South,697.45,2,0.4,163.3
ORD-00738,4/18/2024,CUST-0017,Furniture,Furnishings,East,212.45,2,0.1,47.72
ORD-00739,11/25/2025,CUST-0189,Office Supplies,Storage,Central,860.45,10,0.05,245.98
ORD-00740,2/16/2024,CUST-0055,Technology,Accessories,South,151.47,2,0,30.75
ORD-00741,12/14/2025,CUST-0044,Office Supplies,Labels,East,267.66,8,0.1,-22.41
ORD-00742,10/9/2025,CUST-0026,Technology,Copiers,East,207.18,1,0.4,-20.12
ORD-00743,4/1/2024,CUST-0238,Technology,Machines,West,2953.54,8,0.05,460.55
ORD-00744,4/6/2025,CUST-0134,Office Supplies,Paper,East,310.25,10,0,57.98
ORD-00745,3/31/2024,CUST-0157,Technology,Machines,South,6165.56,7,0,-143.28
ORD-00746,4/7/2024,CUST-0136,Technology,Machines,East,3506.38,8,0.1,-78.94
ORD-00747,6/1/2024,CUST-0204,Technology,Copiers,West,4007.83,3,0.05,-331.66
ORD-00748,1/7/2025,CUST-0166,Office Supplies,Paper,West,127.96,5,0.2,32.76
ORD-00749,2/14/2024,CUST-0117,Furniture,Bookcases,East,778.42,3,0,-41.7
ORD-00750,8/28/2024,CUST-0230,Technology,Copiers,South,9731.96,7,0.1,2523.98
ORD-00751,4/22/2024,CUST-0059,Office Supplies,Paper,Central,122.88,4,0.3,6.17
ORD-00752,3/16/2024,CUST-0057,Office Supplies,Labels,West,5.26,1,0.3,1.43
ORD-00753,7/1/2024,CUST-0117,Office Supplies,Storage,East,1177.38,8,0.1,341.7
ORD-00754,12/9/2024,CUST-0052,Furniture,Bookcases,Central,575.27,5,0.05,49.6
ORD-00755,6/24/2024,CUST-0108,Office Supplies,Paper,South,381.03,10,0.05,59.14
ORD-00756,6/23/2024,CUST-0157,Technology,Accessories,Central,911.1,7,0.4,-12.23
ORD-00757,4/18/2025,CUST-0122,Office Supplies,Binders,West,106.37,4,0.1,14.02
ORD-00758,8/28/2025,CUST-0229,Furniture,Bookcases,West,446.77,1,0,86.4
ORD-00759,2/4/2024,CUST-0130,Office Supplies,Labels,West,153.54,8,0,-0.58
ORD-00760,1/13/2024,CUST-0143,Technology,Copiers,East,1757.81,3,0.2,279.59
ORD-00761,1/17/2024,CUST-0024,Office Supplies,Envelopes,South,77.98,3,0.4,15.51
ORD-00762,4/10/2025,CUST-0007,Office Supplies,Paper,West,77.9,3,0.2,14.14
ORD-00763,10/4/2025,CUST-0001,Furniture,Furnishings,South,793.94,9,0,159.71
ORD-00764,9/19/2025,CUST-0179,Technology,Accessories,Central,1492.66,10,0.2,-116.54
ORD-00765,11/21/2025,CUST-0243,Office Supplies,Binders,Central,223.45,7,0.2,-18.69
ORD-00766,6/28/2024,CUST-0094,Technology,Phones,East,661.63,3,0.2,-36.11
ORD-00767,8/17/2025,CUST-0123,Technology,Accessories,East,1082.42,6,0.2,109.79
ORD-00768,10/10/2024,CUST-0109,Furniture,Bookcases,South,935.65,6,0.4,103.55
ORD-00769,4/26/2025,CUST-0032,Technology,Machines,West,9758.92,10,0.2,2714.41
ORD-00770,3/8/2024,CUST-0208,Furniture,Furnishings,Central,317.14,2,0.3,4.87
ORD-00771,3/19/2024,CUST-0245,Furniture,Chairs,South,368.34,2,0.05,92.08
ORD-00772,10/4/2025,CUST-0134,Furniture,Tables,West,2880.94,9,0.05,196.05
ORD-00773,10/22/2025,CUST-0189,Furniture,Tables,East,1071.79,2,0,-7.58
ORD-00774,6/16/2025,CUST-0243,Technology,Machines,West,8144.52,10,0.2,1748.87
ORD-00775,8/30/2025,CUST-0125,Technology,Copiers,West,8630.31,5,0.05,195.03
ORD-00776,9/23/2024,CUST-0203,Furniture,Furnishings,South,270.59,5,0,3.72
ORD-00777,6/19/2024,CUST-0245,Technology,Accessories,South,602.6,3,0.05,106.75
ORD-00778,6/6/2024,CUST-0171,Furniture,Chairs,Central,174.48,1,0.2,13.32
ORD-00779,7/7/2024,CUST-0095,Furniture,Bookcases,South,1242.48,6,0.05,144.06
ORD-00780,6/30/2025,CUST-0042,Office Supplies,Binders,Central,263.08,7,0.4,73.43
ORD-00781,11/23/2024,CUST-0238,Furniture,Bookcases,South,1234.53,5,0.4,355.35
ORD-00782,8/10/2025,CUST-0194,Technology,Accessories,West,1113.56,6,0,289.6
ORD-00783,11/25/2025,CUST-0036,Technology,Phones,South,410.46,1,0.3,-4.87
ORD-00784,4/4/2024,CUST-0092,Office Supplies,Binders,East,572.37,10,0.1,118.39
ORD-00785,1/24/2024,CUST-0051,Furniture,Furnishings,Central,407.76,9,0.3,11.05
ORD-00786,6/7/2025,CUST-0155,Furniture,Tables,West,598.11,3,0.3,29.39
ORD-00787,12/19/2024,CUST-0073,Office Supplies,Storage,West,591.2,9,0,150.83
ORD-00788,3/1/2025,CUST-0190,Office Supplies,Storage,East,234.21,7,0.3,31.59
ORD-00789,5/27/2024,CUST-0023,Furniture,Tables,West,958.02,9,0.2,272.11
ORD-00790,1/19/2025,CUST-0194,Furniture,Bookcases,West,506.49,5,0.3,42.97
ORD-00791,5/20/2024,CUST-0146,Furniture,Chairs,West,159.28,5,0.4,36.71
ORD-00792,8/22/2025,CUST-0214,Office Supplies,Art,West,254.86,4,0,-9.78
ORD-00793,10/17/2025,CUST-0077,Technology,Copiers,Central,1830.05,5,0.3,480.79
ORD-00794,9/7/2024,CUST-0166,Furniture,Bookcases,South,2412.72,8,0,107.86
ORD-00795,8/2/2025,CUST-0124,Office Supplies,Storage,West,216.71,2,0.2,28.2
ORD-00796,9/22/2024,CUST-0217,Furniture,Bookcases,East,1457.92,6,0.4,-66.77
ORD-00797,2/24/2024,CUST-0042,Office Supplies,Storage,West,498.7,6,0,55.78
ORD-00798,3/19/2024,CUST-0240,Technology,Accessories,East,266.93,2,0.05,66.46
ORD-00799,12/2/2025,CUST-0212,Office Supplies,Storage,South,333.57,2,0.2,-31.64
ORD-00800,10/15/2024,CUST-0133,Office Supplies,Art,West,56.93,6,0.05,-2.17
ORD-00801,7/11/2024,CUST-0057,Technology,Phones,West,1404.67,8,0,-66.73
ORD-00802,5/6/2025,CUST-0005,Office Supplies,Storage,South,403.35,3,0.4,56.09
ORD-00803,12/16/2024,CUST-0196,Furniture,Tables,Central,295.84,2,0.1,52.57
ORD-00804,8/20/2024,CUST-0177,Office Supplies,Paper,East,68.9,3,0,14.14
ORD-00805,3/20/2024,CUST-0029,Furniture,Furnishings,West,40.32,1,0.1,8.76
ORD-00806,8/30/2025,CUST-0132,Furniture,Furnishings,Central,176.18,5,0,29.43
ORD-00807,4/8/2024,CUST-0194,Furniture,Chairs,East,117.77,3,0.2,-4.92
ORD-00808,10/11/2024,CUST-0192,Technology,Machines,South,2178.56,3,0.1,-158.31
ORD-00809,8/15/2025,CUST-0210,Furniture,Chairs,East,1517.69,5,0.05,174.31
ORD-00810,4/11/2024,CUST-0250,Furniture,Furnishings,South,1150.67,10,0.05,325.75
ORD-00811,12/29/2024,CUST-0047,Office Supplies,Art,East,273.71,9,0.1,55.99
ORD-00812,5/6/2024,CUST-0081,Office Supplies,Binders,East,370.27,8,0.2,45.49
ORD-00813,3/25/2024,CUST-0011,Office Supplies,Art,Central,223.97,7,0.15,43.56
ORD-00814,3/30/2025,CUST-0176,Furniture,Furnishings,South,1367.47,7,0.1,352.67
ORD-00815,5/2/2025,CUST-0206,Technology,Machines,East,624.56,1,0.4,36.57
ORD-00816,11/5/2025,CUST-0134,Technology,Phones,Central,857.88,3,0.3,116.86
ORD-00817,6/21/2024,CUST-0027,Furniture,Tables,East,2146.39,6,0.1,635.9
ORD-00818,8/26/2024,CUST-0032,Office Supplies,Envelopes,West,163.82,5,0.15,36.1
ORD-00819,2/13/2025,CUST-0242,Office Supplies,Art,West,91.77,8,0.15,7.51
ORD-00820,9/13/2024,CUST-0032,Office Supplies,Art,East,29.31,3,0,-2.31
ORD-00821,5/25/2025,CUST-0018,Technology,Phones,East,1149.37,7,0.2,171.01
ORD-00822,3/19/2024,CUST-0025,Technology,Copiers,West,4732.01,4,0.15,454.75
ORD-00823,7/9/2025,CUST-0067,Office Supplies,Labels,Central,24.81,1,0.3,-1.3
ORD-00824,11/18/2024,CUST-0116,Office Supplies,Art,West,15.8,1,0,2.59
ORD-00825,11/6/2024,CUST-0200,Technology,Accessories,West,565.19,7,0.05,31.44
ORD-00826,4/22/2024,CUST-0196,Technology,Copiers,West,8451.45,8,0.05,477.96
ORD-00827,8/28/2025,CUST-0127,Office Supplies,Labels,South,17.34,5,0.2,2.36
ORD-00828,1/10/2025,CUST-0033,Office Supplies,Envelopes,Central,31.82,6,0.3,1.21
ORD-00829,2/25/2025,CUST-0092,Office Supplies,Binders,East,192.98,4,0.1,26.44
ORD-00830,12/5/2025,CUST-0234,Furniture,Tables,Central,626.18,6,0.05,19.07
ORD-00831,11/4/2025,CUST-0118,Office Supplies,Labels,West,142.23,5,0,19.23
ORD-00832,1/21/2025,CUST-0082,Technology,Copiers,South,16549.88,10,0,-992.62
ORD-00833,7/29/2024,CUST-0173,Office Supplies,Art,South,77.37,3,0.15,5.76
ORD-00834,10/12/2025,CUST-0128,Furniture,Chairs,South,660.85,5,0,85.52
ORD-00835,8/19/2024,CUST-0206,Technology,Phones,Central,2433.27,10,0.2,307.98
ORD-00836,5/1/2025,CUST-0136,Office Supplies,Paper,South,45.42,2,0.15,0.91
ORD-00837,7/6/2025,CUST-0170,Office Supplies,Paper,West,192.62,7,0.15,15.66
ORD-00838,7/14/2025,CUST-0196,Furniture,Bookcases,East,952.76,10,0.4,271.39
ORD-00839,4/23/2025,CUST-0191,Office Supplies,Envelopes,West,275.47,10,0,12.59
ORD-00840,9/3/2024,CUST-0038,Furniture,Tables,West,2968.52,7,0.2,785.04
ORD-00841,7/27/2024,CUST-0163,Office Supplies,Storage,South,449.85,3,0.15,-2.5
ORD-00842,4/26/2024,CUST-0062,Furniture,Chairs,Central,625.22,4,0.15,77.48
ORD-00843,3/8/2025,CUST-0112,Technology,Phones,East,489.28,3,0.15,1.64
ORD-00844,10/11/2024,CUST-0206,Technology,Accessories,Central,186.23,8,0,48.16
ORD-00845,9/8/2025,CUST-0081,Office Supplies,Binders,West,208.6,6,0,49.21
ORD-00846,5/23/2024,CUST-0216,Furniture,Bookcases,Central,2017.2,9,0.15,-128.9
ORD-00847,5/5/2024,CUST-0154,Office Supplies,Storage,West,185.45,4,0.3,-10.62
ORD-00848,10/8/2024,CUST-0055,Office Supplies,Art,South,402.48,10,0,20.08
ORD-00849,4/25/2024,CUST-0243,Office Supplies,Labels,West,277.96,8,0.1,69.98
ORD-00850,5/28/2024,CUST-0240,Office Supplies,Art,South,261.71,5,0,68.59
ORD-00851,11/9/2025,CUST-0009,Furniture,Chairs,South,856,9,0.3,242.58
ORD-00852,12/2/2025,CUST-0093,Furniture,Chairs,West,2254.24,7,0,128.92
ORD-00853,9/18/2024,CUST-0235,Office Supplies,Binders,East,312.55,5,0.1,-11.22
ORD-00854,10/8/2025,CUST-0113,Office Supplies,Envelopes,West,37.16,1,0.15,8.52
ORD-00855,5/18/2025,CUST-0241,Office Supplies,Envelopes,West,185.67,6,0.3,42.35
ORD-00856,6/13/2024,CUST-0212,Technology,Machines,Central,3960.44,6,0.3,892.57
ORD-00857,11/30/2024,CUST-0189,Office Supplies,Envelopes,Central,30.99,1,0.05,6.71
ORD-00858,1/4/2024,CUST-0035,Office Supplies,Paper,South,49.25,6,0,-0.01
ORD-00859,10/26/2025,CUST-0183,Furniture,Furnishings,South,1060.35,8,0.4,-49.41
ORD-00860,12/4/2025,CUST-0045,Technology,Machines,South,2721.18,4,0,-74.14
ORD-00861,1/21/2025,CUST-0225,Technology,Accessories,Central,204.88,1,0.1,59.34
ORD-00862,9/25/2024,CUST-0051,Technology,Accessories,Central,755.06,7,0.3,-30.43
ORD-00863,1/11/2025,CUST-0246,Furniture,Bookcases,Central,2306.7,9,0.3,625.84
ORD-00864,11/20/2025,CUST-0212,Office Supplies,Binders,East,273.43,4,0.1,61.62
ORD-00865,10/21/2024,CUST-0069,Technology,Copiers,West,3656.96,3,0.3,512.1
ORD-00866,10/16/2024,CUST-0211,Technology,Accessories,West,420.4,3,0.3,-37.2
ORD-00867,9/25/2024,CUST-0250,Furniture,Furnishings,East,142.99,6,0.4,12.52
ORD-00868,11/27/2024,CUST-0224,Technology,Copiers,East,7472.44,7,0.3,18.61
ORD-00869,7/24/2025,CUST-0025,Furniture,Bookcases,South,998.51,4,0.4,298.25
ORD-00870,11/17/2025,CUST-0241,Technology,Phones,Central,1148.2,5,0.3,66.46
ORD-00871,5/15/2024,CUST-0095,Technology,Phones,East,2342.09,5,0.05,637.35
ORD-00872,4/24/2025,CUST-0225,Furniture,Bookcases,South,834.53,9,0.3,-44.45
ORD-00873,5/10/2024,CUST-0012,Office Supplies,Storage,South,1351.58,7,0.15,7.15
ORD-00874,9/27/2024,CUST-0213,Technology,Machines,West,2715.88,3,0.2,262.11
ORD-00875,6/3/2024,CUST-0244,Technology,Copiers,Central,1133.24,4,0.05,-30.31
ORD-00876,9/23/2024,CUST-0121,Furniture,Furnishings,West,35.26,2,0.4,1.5
ORD-00877,7/28/2025,CUST-0182,Office Supplies,Art,West,22.13,2,0.05,-1.38
ORD-00878,10/17/2024,CUST-0223,Furniture,Chairs,South,1988.1,10,0.1,573.87
ORD-00879,8/7/2025,CUST-0135,Furniture,Furnishings,Central,421.65,4,0.4,107.5
ORD-00880,10/18/2024,CUST-0007,Technology,Phones,West,4597.93,6,0,-176.97
ORD-00881,4/16/2025,CUST-0021,Technology,Copiers,West,3964.84,5,0,-326.95
ORD-00882,4/8/2025,CUST-0160,Office Supplies,Envelopes,East,162.69,4,0,2.14
ORD-00883,2/26/2024,CUST-0205,Technology,Phones,West,404.93,2,0.3,-1.61
ORD-00884,2/12/2025,CUST-0198,Furniture,Bookcases,East,773.67,3,0.3,10.81
ORD-00885,10/31/2025,CUST-0193,Furniture,Bookcases,South,1972.76,8,0.3,530.04
ORD-00886,12/2/2025,CUST-0232,Technology,Accessories,South,212.86,2,0.2,20.4
ORD-00887,2/1/2025,CUST-0227,Office Supplies,Storage,West,287.82,2,0.3,41.89
ORD-00888,10/7/2025,CUST-0112,Office Supplies,Binders,Central,561.57,9,0.2,95.79
ORD-00889,12/3/2025,CUST-0166,Technology,Accessories,West,717.92,9,0,53.8
ORD-00890,5/4/2025,CUST-0233,Office Supplies,Paper,East,124.13,5,0.1,2.26
ORD-00891,7/18/2025,CUST-0013,Furniture,Bookcases,Central,1466.75,9,0.3,125.94
ORD-00892,8/5/2025,CUST-0185,Office Supplies,Storage,South,1956.32,10,0,-182.9
ORD-00893,11/8/2025,CUST-0190,Office Supplies,Paper,East,48.4,7,0,12.13
ORD-00894,11/17/2024,CUST-0077,Technology,Copiers,West,6922.42,10,0.15,1849.98
ORD-00895,7/10/2024,CUST-0208,Furniture,Chairs,Central,2636.71,10,0.15,-151.53
ORD-00896,1/19/2024,CUST-0137,Furniture,Furnishings,Central,162.29,1,0.05,13.64
ORD-00897,11/4/2025,CUST-0104,Technology,Copiers,South,11545.54,10,0.2,3293.44
ORD-00898,2/8/2025,CUST-0173,Office Supplies,Binders,East,57.93,3,0,13.11
ORD-00899,7/11/2024,CUST-0179,Furniture,Chairs,West,472.75,3,0.1,71.11
ORD-00900,7/5/2025,CUST-0203,Furniture,Bookcases,South,1940.86,8,0.05,-177.15
ORD-00901,6/5/2024,CUST-0043,Technology,Copiers,West,13981.07,8,0,1874.73
ORD-00902,10/28/2024,CUST-0052,Technology,Copiers,Central,2308.77,6,0,551.92
ORD-00903,3/1/2025,CUST-0111,Office Supplies,Envelopes,South,13.07,1,0.4,1.38
ORD-00904,9/18/2025,CUST-0186,Technology,Copiers,East,959.61,1,0,25.28
ORD-00905,10/1/2024,CUST-0017,Technology,Copiers,West,1585.02,2,0.4,251.18
ORD-00906,12/15/2025,CUST-0115,Office Supplies,Binders,East,180.87,5,0.1,13.61
ORD-00907,8/12/2024,CUST-0130,Technology,Machines,West,2836.09,3,0.15,159.24
ORD-00908,11/20/2025,CUST-0107,Technology,Machines,West,1337.69,3,0.1,267.14
ORD-00909,5/9/2025,CUST-0171,Furniture,Chairs,East,128.3,3,0.4,8.52
ORD-00910,11/6/2024,CUST-0127,Furniture,Chairs,Central,250.46,1,0.2,10.72
ORD-00911,6/27/2024,CUST-0041,Technology,Phones,Central,728.51,6,0.3,-6.79
ORD-00912,8/17/2024,CUST-0144,Office Supplies,Storage,South,1175.83,6,0,144.4
ORD-00913,6/3/2024,CUST-0230,Technology,Phones,Central,4172.98,8,0.4,844.22
ORD-00914,4/18/2024,CUST-0250,Technology,Phones,Central,1952.8,9,0,-103.06
ORD-00915,1/5/2025,CUST-0053,Furniture,Tables,West,2517.89,9,0.4,-151.78
ORD-00916,1/7/2025,CUST-0166,Office Supplies,Paper,Central,116.58,4,0.4,24.21
ORD-00917,9/8/2024,CUST-0002,Office Supplies,Storage,South,299.51,9,0.05,14.67
ORD-00918,2/28/2025,CUST-0194,Office Supplies,Envelopes,East,84,3,0.3,-3.76
ORD-00919,2/27/2025,CUST-0110,Office Supplies,Art,South,8.01,1,0.4,-0.77
ORD-00920,6/13/2025,CUST-0207,Furniture,Bookcases,South,1861.94,6,0.3,-63.81
ORD-00921,2/6/2025,CUST-0016,Furniture,Chairs,Central,1300.38,9,0.15,330.7
ORD-00922,7/20/2025,CUST-0180,Office Supplies,Envelopes,South,251.22,6,0,65.34
ORD-00923,5/30/2024,CUST-0157,Technology,Copiers,West,3493.07,4,0.4,890.98
ORD-00924,10/26/2025,CUST-0201,Office Supplies,Paper,South,56.52,2,0,3.16
ORD-00925,5/9/2024,CUST-0185,Technology,Machines,East,1410.78,2,0.15,286.13
ORD-00926,1/24/2024,CUST-0041,Furniture,Tables,East,2077.17,5,0.3,-115.95
ORD-00927,1/16/2025,CUST-0016,Office Supplies,Envelopes,South,77.12,2,0,21.33
ORD-00928,11/1/2024,CUST-0115,Technology,Phones,West,3998.26,6,0.1,1181.89
ORD-00929,10/4/2025,CUST-0145,Technology,Accessories,South,722.76,5,0.15,163.37
ORD-00930,11/19/2025,CUST-0147,Furniture,Furnishings,East,222.05,2,0.2,-5.1
ORD-00931,1/4/2025,CUST-0200,Office Supplies,Binders,East,54.62,7,0.3,-4.1
ORD-00932,5/13/2024,CUST-0228,Office Supplies,Paper,West,55.7,2,0.2,3.4
ORD-00933,6/15/2025,CUST-0144,Office Supplies,Storage,West,743.06,7,0.4,207.41
ORD-00934,3/2/2025,CUST-0188,Furniture,Chairs,East,384.53,8,0.4,69.91
ORD-00935,6/25/2025,CUST-0221,Furniture,Chairs,West,2171.31,8,0,602.82
ORD-00936,5/1/2024,CUST-0095,Technology,Copiers,Central,1966.68,2,0.2,-164.98
ORD-00937,4/30/2024,CUST-0040,Office Supplies,Storage,South,549.07,5,0.15,118.86
ORD-00938,8/26/2025,CUST-0037,Office Supplies,Binders,South,84.29,5,0.1,16.51
ORD-00939,5/5/2024,CUST-0001,Technology,Machines,Central,541.55,1,0.3,12.93
ORD-00940,12/11/2024,CUST-0116,Office Supplies,Art,East,110.54,3,0.4,18.45
ORD-00941,11/29/2024,CUST-0039,Furniture,Furnishings,West,274.31,4,0.3,-22.4
ORD-00942,3/29/2025,CUST-0172,Technology,Machines,Central,2702.38,3,0,590.37
ORD-00943,11/12/2024,CUST-0182,Technology,Phones,Central,3459.92,4,0,376.1
ORD-00944,5/2/2025,CUST-0193,Technology,Phones,Central,7431.22,9,0.05,74.2
ORD-00945,9/8/2024,CUST-0053,Technology,Copiers,Central,6647.3,9,0.2,-545.12
ORD-00946,1/24/2024,CUST-0221,Office Supplies,Art,East,483.37,7,0,13.03
ORD-00947,4/3/2024,CUST-0066,Furniture,Bookcases,East,701.04,5,0.05,145.34
ORD-00948,11/10/2024,CUST-0040,Office Supplies,Envelopes,East,9.22,1,0.2,1.71
ORD-00949,2/3/2025,CUST-0077,Furniture,Tables,East,1282.22,7,0.2,354.7
ORD-00950,5/3/2024,CUST-0231,Furniture,Chairs,East,1735.41,10,0.1,348.74
ORD-00951,4/27/2024,CUST-0099,Office Supplies,Binders,South,55.49,8,0.3,-4.91
ORD-00952,8/27/2024,CUST-0163,Furniture,Tables,Central,958.76,4,0.05,60.11
ORD-00953,10/13/2025,CUST-0022,Technology,Accessories,East,1126.81,6,0.05,129.6
ORD-00954,7/22/2025,CUST-0109,Office Supplies,Binders,Central,367.06,8,0.15,-12.13
ORD-00955,5/8/2025,CUST-0016,Office Supplies,Labels,South,190.47,7,0.2,-2.84
ORD-00956,6/6/2025,CUST-0216,Office Supplies,Binders,East,247.93,9,0,14.41
ORD-00957,5/23/2024,CUST-0032,Technology,Machines,West,4280.01,4,0.2,1190.54
ORD-00958,9/24/2024,CUST-0163,Technology,Copiers,South,2607.79,4,0.2,218.85
ORD-00959,12/2/2024,CUST-0154,Furniture,Chairs,Central,247.96,10,0.4,-23.85
ORD-00960,2/27/2025,CUST-0045,Technology,Copiers,West,14554.34,9,0,2323.44
ORD-00961,7/5/2025,CUST-0020,Furniture,Furnishings,Central,883.33,6,0.3,38.15
ORD-00962,12/14/2025,CUST-0046,Furniture,Bookcases,West,1320.27,6,0.1,-15.04
ORD-00963,10/14/2024,CUST-0006,Technology,Machines,East,2094.03,2,0.15,-24.17
ORD-00964,1/6/2025,CUST-0127,Furniture,Tables,West,932.11,10,0.1,273.77
ORD-00965,2/9/2025,CUST-0164,Furniture,Tables,West,1160.78,3,0.1,146.59
ORD-00966,9/9/2025,CUST-0175,Technology,Accessories,Central,1795.82,10,0.05,-88.04
ORD-00967,8/6/2025,CUST-0239,Furniture,Tables,East,374.29,1,0.15,94.79
ORD-00968,3/13/2025,CUST-0001,Technology,Phones,South,1493.08,7,0.3,256.91
ORD-00969,5/22/2025,CUST-0120,Office Supplies,Labels,Central,50.25,4,0,3.42
ORD-00970,11/19/2024,CUST-0115,Furniture,Furnishings,East,1334.54,6,0,297.69
ORD-00971,8/19/2024,CUST-0189,Technology,Copiers,Central,1785.84,4,0.1,43.44
ORD-00972,10/2/2025,CUST-0161,Furniture,Bookcases,West,2094.65,7,0,315.28
ORD-00973,9/13/2024,CUST-0086,Furniture,Bookcases,West,1241.7,4,0.2,283.92
ORD-00974,8/30/2024,CUST-0134,Furniture,Furnishings,Central,317.38,8,0,-24.03
ORD-00975,1/21/2025,CUST-0009,Office Supplies,Envelopes,Central,138.6,3,0,10.64
ORD-00976,9/17/2025,CUST-0078,Technology,Copiers,Central,2413.33,2,0,43.36
ORD-00977,2/15/2025,CUST-0098,Furniture,Furnishings,East,1242.85,10,0,106.49
ORD-00978,9/27/2025,CUST-0110,Technology,Phones,South,302.47,1,0.4,40.87
ORD-00979,4/15/2024,CUST-0028,Furniture,Bookcases,East,3000.33,10,0.05,7.54
ORD-00980,5/7/2025,CUST-0108,Technology,Copiers,East,6211.65,4,0.05,-470.86
ORD-00981,8/21/2025,CUST-0080,Office Supplies,Labels,South,36.11,5,0.05,0.85
ORD-00982,10/25/2024,CUST-0088,Office Supplies,Binders,East,38.73,1,0.1,9.07
ORD-00983,2/25/2024,CUST-0220,Office Supplies,Storage,East,718.33,4,0.1,26.31
ORD-00984,5/2/2025,CUST-0171,Technology,Copiers,South,10471.89,10,0.2,706.62
ORD-00985,4/17/2024,CUST-0042,Office Supplies,Binders,West,211.63,4,0,37.52
ORD-00986,9/30/2025,CUST-0120,Furniture,Chairs,West,435.32,6,0.3,-11.45
ORD-00987,1/6/2025,CUST-0002,Furniture,Bookcases,South,132.69,1,0,10.11
ORD-00988,8/22/2025,CUST-0162,Office Supplies,Binders,Central,94.71,4,0.1,-1.18
ORD-00989,6/27/2024,CUST-0068,Office Supplies,Labels,East,7.61,3,0.1,1.8
ORD-00990,4/13/2024,CUST-0234,Furniture,Chairs,West,528.31,2,0.2,11.64
ORD-00991,1/13/2025,CUST-0062,Office Supplies,Envelopes,East,278.99,9,0.3,-20.6
ORD-00992,5/13/2024,CUST-0037,Furniture,Chairs,West,1084.13,6,0.2,315.26
ORD-00993,2/17/2024,CUST-0063,Technology,Accessories,South,166.37,3,0.2,25.25
ORD-00994,5/9/2024,CUST-0072,Technology,Copiers,East,1948.55,2,0.4,284.4
ORD-00995,6/4/2025,CUST-0043,Office Supplies,Envelopes,South,54.78,8,0.4,10.13
ORD-00996,12/12/2025,CUST-0135,Office Supplies,Envelopes,West,206.15,8,0.15,32
ORD-00997,8/20/2025,CUST-0203,Technology,Phones,East,1622.54,4,0.1,-10.13
ORD-00998,11/9/2024,CUST-0056,Office Supplies,Art,East,229.21,6,0.15,-10.61
ORD-00999,10/29/2024,CUST-0022,Office Supplies,Labels,South,78.72,4,0,11.69
ORD-01000,4/6/2025,CUST-0110,Office Supplies,Art,West,96.22,6,0.4,5.09
